SALE TYPE,SOLD DATE,PROPERTY TYPE,ADDRESS,CITY,STATE OR PROVINCE,ZIP OR POSTAL CODE,PRICE,BEDS,BATHS,LOCATION,SQUARE FEET,LOT SIZE,YEAR BUILT,DAYS ON MARKET,$/SQUARE FEET,HOA/MONTH,STATUS,NEXT OPEN HOUSE START TIME,NEXT OPEN HOUSE END TIME,URL (SEE https://www.redfin.com/buy-a-home/comparative-market-analysis FOR INFO ON PRICING),SOURCE,MLS#,FAVORITE,INTERESTED,LATITUDE,LONGITUDE
PAST SALE,June-24-2019,Single Family Residential,21944 Greenbrook Dr,Boyds,MD,20841,692000,4,3.5,GREENRIDGE ACRES,4300,49597,1993,899,161,32,Sold,,,https://www.redfin.com/MD/Boyds/21944-Greenbrook-Dr-20841/home/10497276,BRIGHT MLS,MDMC653244,N,Y,39.21928,-77.2510729
PAST SALE,June-29-2018,Single Family Residential,140 Amberleigh Dr,Silver Spring,MD,20905,530000,4,3.5,NORTH SHERWOOD FOREST,3914,10546,1989,1259,135,18,Sold,,,https://www.redfin.com/MD/Silver-Spring/140-Amberleigh-Dr-20905/home/10599175,BRIGHT MLS,1000223846,N,Y,39.0900642,-77.0044686
PAST SALE,September-28-2021,Single Family Residential,411 Elm Ave,Takoma Park,MD,20912,650000,4,2.0,TAKOMA PARK,1152,10947,1958,72,564,,Sold,,,https://www.redfin.com/MD/Takoma-Park/411-Elm-Ave-20912/home/11147507,BRIGHT MLS,MDMC2011280,N,Y,38.9740611,-77.0020839
PAST SALE,February-15-2018,Single Family Residential,11809 Grey Squirrel St,Clarksburg,MD,20871,649900,4,2.5,CLARKSBURG VILLAGE,4306,5500,2015,1393,151,83,Sold,,,https://www.redfin.com/MD/Clarksburg/11809-Grey-Squirrel-St-20871/home/110057563,BRIGHT MLS,1004410967,N,Y,39.2250278,-77.2494733
PAST SALE,August-18-2017,Single Family Residential,5 Vandever Ct,Brookeville,MD,20833,517400,4,3.0,BROOKVILLE KNOLLS,3000,11506,1974,1574,172,,Sold,,,https://www.redfin.com/MD/Brookeville/5-Vandever-Ct-20833/home/10711102,BRIGHT MLS,1002543657,N,Y,39.1698925,-77.0691506
PAST SALE,June-30-2017,Single Family Residential,20 Southview Ct,Silver Spring,MD,20905,469999,4,2.5,PEACHWOOD,1912,19435,1973,1623,246,,Sold,,,https://www.redfin.com/MD/Silver-Spring/20-Southview-Ct-20905/home/10573481,BRIGHT MLS,1002522751,N,Y,39.100306,-76.999007
PAST SALE,July-10-2019,Single Family Residential,12304 Mccrossin Ln,Potomac,MD,20854,484000,3,2.0,DARNESTOWN OUTSIDE,1240,12196,1942,883,390,,Sold,,,https://www.redfin.com/MD/Rockville/12304-McCrossin-Ln-20854/home/10605752,BRIGHT MLS,MDMC657002,N,Y,39.0721749,-77.2543881
PAST SALE,November-15-2021,Single Family Residential,20323 Swallow Point Rd,Gaithersburg,MD,20886,510000,3,2.5,APPLE RIDGE,2488,3220,1996,24,205,123,Sold,,,https://www.redfin.com/MD/Gaithersburg/20323-Swallow-Point-Rd-20886/home/10865819,BRIGHT MLS,MDMC2016264,N,Y,39.189322,-77.200554
PAST SALE,July-27-2017,Single Family Residential,5019 Westport Rd,Chevy Chase,MD,20815,1250000,4,3.0,WOHLSHIRE,2160,8096,1962,1596,579,,Sold,,,https://www.redfin.com/MD/Chevy-Chase/5019-Westport-Rd-20815/home/10637806,BRIGHT MLS,1002534671,N,Y,38.9588251,-77.0933413
PAST SALE,August-11-2017,Single Family Residential,22630 Shining Harness St,Clarksburg,MD,20871,695000,4,3.5,CLARKSBURG VILLAGE,4748,7302,2014,1581,146,82,Sold,,,https://www.redfin.com/MD/Clarksburg/22630-Shining-Harness-St-20871/home/85694759,BRIGHT MLS,1002544727,N,Y,39.2262741,-77.2405377
PAST SALE,April-7-2017,Single Family Residential,4106 Delancy Dr,Silver Spring,MD,20906,355000,3,2.0,STONEYBROOK ESTATES,1420,7200,1960,1707,250,,Sold,,,https://www.redfin.com/MD/Silver-Spring/4106-Delancy-Dr-20906/home/11053651,BRIGHT MLS,1002484521,N,Y,39.0648964,-77.0827304
PAST SALE,May-1-2017,Single Family Residential,6 Dellcastle Ct,Montgomery Village,MD,20886,417000,4,3.0,FAIRIDGE,2003,11162,1975,1683,208,117,Sold,,,https://www.redfin.com/MD/Gaithersburg/6-Dellcastle-Ct-20886/home/10758249,BRIGHT MLS,1002486461,N,Y,39.1812928,-77.206855
PAST SALE,March-17-2021,Single Family Residential,22348 Heron Neck Ter,Clarksburg,MD,20871,635000,4,2.5,CLARKSBURG VILLAGE,2584,5200,2013,267,246,84,Sold,,,https://www.redfin.com/MD/Clarksburg/22348-Heron-Neck-Ter-20871/home/64363768,BRIGHT MLS,MDMC744416,N,Y,39.2238318,-77.2419297
PAST SALE,August-8-2019,Single Family Residential,1700 Overlook Dr,Silver Spring,MD,20903,533500,3,3.0,HILLANDALE,1950,25822,1941,854,274,,Sold,,,https://www.redfin.com/MD/Silver-Spring/1700-Overlook-Dr-20903/home/10559374,BRIGHT MLS,MDMC652390,N,Y,39.0259682,-76.97747
PAST SALE,October-26-2021,Single Family Residential,11520 Doxdam Ter,Germantown,MD,20876,335000,3,2.0,WEXFORD,960,5491,1984,44,349,63,Sold,,,https://www.redfin.com/MD/Germantown/11520-Doxdam-Ter-20876/home/10820761,BRIGHT MLS,MDMC2016888,N,Y,39.1990929,-77.2408072
PAST SALE,June-13-2019,Single Family Residential,8208 Jeb Stuart Rd,Potomac,MD,20854,740000,4,2.5,MONTGOMERY SQUARE,2806,12077,1965,910,264,,Sold,,,https://www.redfin.com/MD/Rockville/8208-Geneva-Mason-Rd-20854/home/10507767,BRIGHT MLS,MDMC653884,N,Y,39.056862,-77.168695
PAST SALE,,Single Family Residential,5329 Massachusetts Ave,Bethesda,MD,20816,830000,,3.0,,2294,11750,1961,,362,,,,,https://www.redfin.com/MD/Bethesda/5329-Massachusetts-Ave-20816/home/10674874,,,N,Y,38.9566907,-77.1061541
PAST SALE,June-16-2021,Single Family Residential,17 Farsta Ct,Rockville,MD,20850,714500,4,3.0,NEW MARK COMMONS,1854,10737,1972,176,385,221,Sold,,,https://www.redfin.com/MD/Rockville/17-Farsta-Ct-20850/home/10517385,BRIGHT MLS,MDMC756624,N,Y,39.0725491,-77.1550548
PAST SALE,November-21-2018,Single Family Residential,9121 Bannister Ln,Gaithersburg,MD,20879,418000,4,2.5,CHARLENE,2245,12065,1975,1114,186,50,Sold,,,https://www.redfin.com/MD/Gaithersburg/9121-Bannister-Ln-20879/home/10761187,BRIGHT MLS,1002513560,N,Y,39.1668602,-77.18709
PAST SALE,May-16-2019,Single Family Residential,6016 Berkshire Dr,Bethesda,MD,20814,640001,4,2.0,WILDWOOD MANOR,1456,8670,1952,938,440,,Sold,,,https://www.redfin.com/MD/Bethesda/6016-Berkshire-Dr-20814/home/10681253,BRIGHT MLS,MDMC651142,N,Y,39.0230609,-77.1207634
PAST SALE,October-1-2018,Single Family Residential,10821 Hillbrooke Ln,Potomac,MD,20850,965000,4,3.5,PINEY GLEN VILLAGE,2668,7475,1996,1165,362,75,Sold,,,https://www.redfin.com/MD/Potomac/10821-Hillbrooke-Ln-20854/home/10551958,BRIGHT MLS,1004251104,N,Y,39.0769355,-77.2203742
PAST SALE,March-30-2018,Single Family Residential,7602 Augustine Way,Gaithersburg,MD,20879,539900,4,3.5,GOSHEN ESTATES,3442,9318,1994,1350,157,42,Sold,,,https://www.redfin.com/MD/Gaithersburg/7602-Augustine-Way-20879/home/10489343,BRIGHT MLS,1005078791,N,Y,39.1918626,-77.1557288
PAST SALE,August-30-2018,Single Family Residential,12201 Walnut Creek Ct,Germantown,MD,20874,405000,4,2.5,GUNNERS VIEW,3024,11268,1985,1197,134,,Sold,,,https://www.redfin.com/MD/Germantown/12201-Walnut-Creek-Ct-20874/home/10826238,BRIGHT MLS,1001921628,N,Y,39.1720469,-77.2526836
PAST SALE,December-10-2018,Single Family Residential,2419 Evans Dr,Silver Spring,MD,20902,385000,3,2.0,CARROLL KNOLLS,1550,8195,1949,1095,248,,Sold,,,https://www.redfin.com/MD/Silver-Spring/2419-Evans-Dr-20902/home/10982130,BRIGHT MLS,1001946188,N,Y,39.0262809,-77.0512518
PAST SALE,June-8-2018,Single Family Residential,1009 Kennon Ct,Rockville,MD,20851,405000,3,1.5,BURGUNDY ESTATES,1357,7200,1957,1280,298,,Sold,,,https://www.redfin.com/MD/Rockville/1009-Kennon-Ct-20851/home/10510218,BRIGHT MLS,1000445996,N,Y,39.0851614,-77.1324946
PAST SALE,October-12-2018,Single Family Residential,5519 Oakmont Ave,Bethesda,MD,20817,850000,4,3.5,ALTA VISTA,2654,6638,1940,1154,320,,Sold,,,https://www.redfin.com/MD/Bethesda/5519-Oakmont-Ave-20817/home/10656197,BRIGHT MLS,1002602058,N,Y,39.0046955,-77.1127622
PAST SALE,September-22-2021,Single Family Residential,5514 Mckinley St,Bethesda,MD,20817,880000,3,2.0,HUNTINGTON TERRACE,1370,8893,1940,78,642,,Sold,,,https://www.redfin.com/MD/Bethesda/5514-McKinley-St-20817/home/10649643,BRIGHT MLS,MDMC2001690,N,Y,38.9960005,-77.1131035
PAST SALE,June-6-2019,Single Family Residential,14047 Wellspring Ave,Clarksburg,MD,20871,610000,4,3.5,CABIN BRANCH,3464,4118,2014,917,176,105,Sold,,,https://www.redfin.com/MD/Clarksburg/14047-Wellspring-Ave-20871/home/85694303,BRIGHT MLS,MDMC624624,N,Y,39.223905,-77.290954
PAST SALE,June-5-2020,Single Family Residential,19084 Staleybridge Rd,Germantown,MD,20876,350000,3,2.0,FOX CHAPEL,1396,8864,1971,552,251,,Sold,,,https://www.redfin.com/MD/Germantown/19084-Staleybridge-Rd-20876/home/10744933,BRIGHT MLS,MDMC700392,N,Y,39.1688707,-77.2422441
PAST SALE,February-28-2017,Single Family Residential,2930 Maplehill Rd,Burtonsville,MD,20866,465000,3,2.5,COLESVILLE OUTSIDE,2128,73843,1989,1745,219,,Sold,,,https://www.redfin.com/MD/Burtonsville/2930-Maplehill-Rd-20866/home/10557076,BRIGHT MLS,1002455057,N,Y,39.0946808,-76.9494752
PAST SALE,March-29-2019,Single Family Residential,4905 Bradley Blvd,Chevy Chase,MD,20815,850000,3,3.0,SACKS SUB,2067,8942,1936,986,411,,Sold,,,https://www.redfin.com/MD/Chevy-Chase/4905-Bradley-Blvd-20815/home/10677305,BRIGHT MLS,1001798198,N,Y,38.9784389,-77.0973426
PAST SALE,February-22-2021,Single Family Residential,11210 Woodson Ave,Kensington,MD,20895,521000,4,2.5,NEWPORT HILLS,1743,7082,1960,290,299,,Sold,,,https://www.redfin.com/MD/Kensington/11210-Woodson-Ave-20895/home/11059833,BRIGHT MLS,MDMC741680,N,Y,39.0398937,-77.0754461
PAST SALE,October-15-2020,Single Family Residential,10220 Green Forest Dr,Silver Spring,MD,20903,475000,4,3.0,HILLANDALE FOREST,1882,11250,1956,420,252,,Sold,,,https://www.redfin.com/MD/Silver-Spring/10220-Green-Forest-Dr-20903/home/10563029,BRIGHT MLS,MDMC723894,N,Y,39.0220403,-76.9731947
PAST SALE,June-28-2018,Single Family Residential,17201 Vestry Ct,Rockville,MD,20855,539000,4,3.5,MILL CREEK SOUTH,3740,10697,1983,1260,144,,Sold,,,https://www.redfin.com/MD/Rockville/17201-Vestry-Ct-20855/home/10795997,BRIGHT MLS,1000419358,N,Y,39.1405236,-77.1547733
PAST SALE,March-30-2020,Single Family Residential,1207 Autre Ct,Rockville,MD,20851,465000,3,2.0,ROCKCREST,2212,6509,1953,619,210,,Sold,,,https://www.redfin.com/MD/Rockville/1207-Autre-Ct-20851/home/10513108,BRIGHT MLS,MDMC698198,N,Y,39.0731309,-77.12544
PAST SALE,September-30-2020,Single Family Residential,5205 Chandler St,Bethesda,MD,20814,710000,3,2.5,MAPLEWOOD,1264,6313,1948,435,562,,Sold,,,https://www.redfin.com/MD/Bethesda/5205-Chandler-St-20814/home/10657884,BRIGHT MLS,MDMC721704,N,Y,39.0083222,-77.1032769
PAST SALE,August-1-2019,Single Family Residential,2805 Shadowridge Dr,Olney,MD,20832,615000,4,3.5,ASHLEY HOLLOW,2576,11279,1994,861,239,57,Sold,,,https://www.redfin.com/MD/Olney/2805-Shadowridge-Dr-20832/home/10729098,BRIGHT MLS,MDMC663676,N,Y,39.1599981,-77.0604264
PAST SALE,November-30-2021,Single Family Residential,10 China Rose Ct,Rockville,MD,20850,1225000,4,4.5,ROSE HILL FALLS,4884,12890,1993,9,251,71,Sold,,,https://www.redfin.com/MD/Rockville/10-China-Rose-Ct-20850/home/10546523,BRIGHT MLS,MDMC2002416,N,Y,39.0789841,-77.1669847
PAST SALE,June-25-2021,Single Family Residential,12938 Clarks Crossing Dr,Clarksburg,MD,20871,715000,4,3.5,CLARKSBURG TOWN CENTER,3820,5500,2005,167,187,86,Sold,,,https://www.redfin.com/MD/Clarksburg/12938-Clarks-Crossing-Dr-20871/home/11195383,BRIGHT MLS,MDMC760014,N,Y,39.247251,-77.270989
PAST SALE,June-21-2018,Single Family Residential,18628 Woodgate Pl,Olney,MD,20832,839000,4,5.0,RESERVE AT FAIR HILL,5569,16781,2010,1267,151,101,Sold,,,https://www.redfin.com/MD/Olney/18628-Woodgate-Pl-20832/home/40017147,BRIGHT MLS,1000321804,N,Y,39.1678409,-77.1057045
PAST SALE,September-27-2018,Single Family Residential,18612 Willow Oak Dr,Rockville,MD,20855,715000,4,3.5,GRANBY WOODS,4800,60857,1988,1169,149,,Sold,,,https://www.redfin.com/MD/Rockville/18612-Willow-Oak-Dr-20855/home/10721462,BRIGHT MLS,1001529868,N,Y,39.162145,-77.120699
PAST SALE,March-2-2017,Single Family Residential,5808 Greentree Rd,Bethesda,MD,20817,775000,3,2.0,BRADMOOR,1777,8688,1954,1743,436,,Sold,,,https://www.redfin.com/MD/Bethesda/5808-Greentree-Rd-20817/home/10662543,BRIGHT MLS,1002481493,N,Y,39.0010003,-77.1169876
PAST SALE,May-1-2017,Single Family Residential,19609 Ridge Heights Dr,Gaithersburg,MD,20879,412500,4,2.5,HUNTERS WOODS,1968,17677,1983,1683,210,,Sold,,,https://www.redfin.com/MD/Gaithersburg/19609-Ridge-Heights-Dr-20879/home/10814062,BRIGHT MLS,1002492753,N,Y,39.1772281,-77.1796773
PAST SALE,March-6-2017,Single Family Residential,118 Billingsgate Ln,Gaithersburg,MD,20877,455000,4,2.5,SAYBROOKE,2430,5026,1988,1739,187,,Sold,,,https://www.redfin.com/MD/Gaithersburg/118-Billingsgate-Ln-20877/home/10850407,BRIGHT MLS,1002443253,N,Y,39.1504897,-77.1772512
PAST SALE,May-30-2017,Single Family Residential,12632 Carrington Hill Dr,Gaithersburg,MD,20878,655000,4,3.5,WILLOW RIDGE,2407,10914,1986,1654,272,3,Sold,,,https://www.redfin.com/MD/Gaithersburg/12632-Carrington-Hill-Dr-20878/home/10620479,BRIGHT MLS,1002495877,N,Y,39.1189672,-77.2608325
PAST SALE,March-25-2019,Single Family Residential,23859 Burdette Forest Rd,Clarksburg,MD,20871,574000,4,3.5,CLARKSBURG TOWN CENTER,2866,3869,2005,990,200,90,Sold,,,https://www.redfin.com/MD/Clarksburg/23859-Burdette-Forest-Rd-20871/home/11196315,BRIGHT MLS,1006030892,N,Y,39.2434715,-77.2738966
PAST SALE,December-8-2017,Single Family Residential,7 Ranworth Ct,Germantown,MD,20874,530000,4,3.5,KINGSVIEW RIDGE,3328,14325,1998,1462,159,21,Sold,,,https://www.redfin.com/MD/Germantown/7-Ranworth-Ct-20874/home/10497873,BRIGHT MLS,1000057419,N,Y,39.1784469,-77.2879467
PAST SALE,December-20-2016,Single Family Residential,6425 78th St,Cabin John,MD,20818,799000,4,3.0,BETHESDA OUT RES.(2),2612,7200,1996,1815,306,,Sold,,,https://www.redfin.com/MD/Cabin-John/6425-78th-St-20818/home/10636393,BRIGHT MLS,1002437771,N,Y,38.9734315,-77.1598179
PAST SALE,July-19-2019,Single Family Residential,12813 Camellia Dr,Silver Spring,MD,20906,475000,4,2.5,LAYHILL SOUTH,2391,15358,1964,874,199,,Sold,,,https://www.redfin.com/MD/Silver-Spring/12813-Camellia-Dr-20906/home/11074410,BRIGHT MLS,MDMC664060,N,Y,39.0659589,-77.0441006
PAST SALE,February-21-2018,Single Family Residential,13303 Galvez St,Silver Spring,MD,20906,391000,4,2.0,HARMONY HILLS,1769,6300,1956,1387,221,,Sold,,,https://www.redfin.com/MD/Silver-Spring/13303-Galvez-St-20906/home/11047283,BRIGHT MLS,1004787023,N,Y,39.075513,-77.075431
PAST SALE,August-4-2017,Single Family Residential,12511 Viewside Dr,North Potomac,MD,20878,779000,4,3.5,MOUNTAIN VIEW ESTATES,4302,38534,2003,1588,181,,Sold,,,https://www.redfin.com/MD/North-Potomac/12511-Viewside-Dr-20878/home/11192142,BRIGHT MLS,1002545765,N,Y,39.1127492,-77.2606979
PAST SALE,March-15-2018,Single Family Residential,17712 Caddy Dr,Rockville,MD,20855,508000,4,3.0,MILL CREEK TOWNE,2260,15220,1967,1365,225,,Sold,,,https://www.redfin.com/MD/Rockville/17712-Caddy-Dr-20855/home/10737179,BRIGHT MLS,1005276043,N,Y,39.1457679,-77.15852
PAST SALE,March-24-2017,Single Family Residential,6216 Hollins Dr,Bethesda,MD,20817,770000,4,3.0,ASHBURTON,2360,8020,1959,1721,326,,Sold,,,https://www.redfin.com/MD/Bethesda/6216-Hollins-Dr-20817/home/10671244,BRIGHT MLS,1002472869,N,Y,39.0121445,-77.1259774
PAST SALE,August-18-2017,Single Family Residential,14245 Briarwood Ter,Rockville,MD,20853,422000,4,2.5,MANOR WOODS,2196,10575,1967,1574,192,,Sold,,,https://www.redfin.com/MD/Rockville/14245-Briarwood-Ter-20853/home/11082422,BRIGHT MLS,1002533831,N,Y,39.0884746,-77.0963086
PAST SALE,August-31-2018,Single Family Residential,5406 Beech Ave,Bethesda,MD,20814,880000,4,3.5,ALTA VISTA,2915,7046,1978,1196,302,,Sold,,,https://www.redfin.com/MD/Bethesda/5406-Beech-Ave-20814/home/10687204,BRIGHT MLS,1002352446,N,Y,39.0118415,-77.1089412
PAST SALE,October-14-2021,Single Family Residential,5107 Battery Ln,Bethesda,MD,20814,1560500,4,2.5,BATTERY PARK,2872,8591,1928,56,543,,Sold,,,https://www.redfin.com/MD/Bethesda/5107-Battery-Ln-20814/home/10638767,BRIGHT MLS,MDMC2013580,N,Y,38.989772,-77.104248
PAST SALE,May-30-2018,Single Family Residential,1804 Pelling Ct,Silver Spring,MD,20905,494900,4,2.5,GUM SPRINGS FARM,2895,17554,1966,1289,171,,Sold,,,https://www.redfin.com/MD/Silver-Spring/1804-Pelling-Ct-20905/home/10575124,BRIGHT MLS,1000468134,N,Y,39.0930176,-76.9750398
PAST SALE,December-18-2020,Single Family Residential,214 Whitmoor Ter,Silver Spring,MD,20901,545000,3,2.0,WOODMOOR,1654,6531,1948,356,330,,Sold,,,https://www.redfin.com/MD/Silver-Spring/214-Whitmoor-Ter-20901/home/10978408,BRIGHT MLS,MDMC733474,N,Y,39.0288193,-77.0044686
PAST SALE,June-25-2021,Single Family Residential,10 Harrowgate Ct,Potomac,MD,20854,1050000,4,3.5,POTOMAC WOODS,3788,10564,1967,167,277,,Sold,,,https://www.redfin.com/MD/Rockville/10-Harrowgate-Ct-20854/home/10512591,BRIGHT MLS,MDMC759308,N,Y,39.0649383,-77.1686697
PAST SALE,April-3-2020,Single Family Residential,5709 Ridgway Ave,Rockville,MD,20851,360000,3,1.0,TWINBROOK,1200,6050,1953,615,300,,Sold,,,https://www.redfin.com/MD/Rockville/5709-Ridgway-Ave-20851/home/10515016,BRIGHT MLS,MDMC697096,N,Y,39.0695562,-77.1168078
PAST SALE,July-23-2020,Single Family Residential,13704 Travilah Rd,Rockville,MD,20850,1090001,4,4.5,DARNESTOWN OUTSIDE,5250,44569,2001,504,208,,Sold,,,https://www.redfin.com/MD/Rockville/13704-Travilah-Rd-20850/home/10607622,BRIGHT MLS,MDMC707522,N,Y,39.0806383,-77.2438507
PAST SALE,,Single Family Residential,12027 Arista Manor Way,Germantown,MD,20876,620000,,2.5,,3278,6479,1996,,189,,,,,https://www.redfin.com/MD/Germantown/12027-Arista-Manor-Way-20876/home/10497560,,,N,Y,39.2101618,-77.2496304
PAST SALE,November-5-2019,Single Family Residential,10610 Meadowhill Rd,Silver Spring,MD,20901,515000,4,4.0,NORTHWEST BRANCH ESTS,2826,10714,1959,765,182,,Sold,,,https://www.redfin.com/MD/Silver-Spring/10610-Meadowhill-Rd-20901/home/10564148,BRIGHT MLS,MDMC676978,N,Y,39.0304008,-76.9982594
PAST SALE,July-7-2021,Single Family Residential,4318 Camley Way,Burtonsville,MD,20866,770000,4,3.5,FAIRLAND PARK,3778,6100,2018,155,204,102,Sold,,,https://www.redfin.com/MD/Burtonsville/4318-Camley-Way-20866/home/64363689,BRIGHT MLS,MDMC759198,N,Y,39.0929208,-76.9222214
PAST SALE,September-24-2020,Single Family Residential,17227 Donora Rd,Silver Spring,MD,20905,540000,4,3.0,EDNOR ACRES,3429,42253,1958,441,157,,Sold,,,https://www.redfin.com/MD/Silver-Spring/17227-Donora-Rd-20905/home/10706331,BRIGHT MLS,MDMC693964,N,Y,39.1406249,-76.9880587
PAST SALE,November-5-2021,Single Family Residential,5725 Rossmore Dr,Bethesda,MD,20814,785000,3,2.5,WILDWOOD MANOR,1283,13588,1959,34,612,,Sold,,,https://www.redfin.com/MD/Bethesda/5725-Rossmore-Dr-20814/home/10681143,BRIGHT MLS,MDMC2013374,N,Y,39.0279959,-77.1150997
PAST SALE,,Single Family Residential,10618 Lorain Ave,Silver Spring,MD,20901,825000,,3.0,,2166,7000,1940,,381,,,,,https://www.redfin.com/MD/Silver-Spring/10618-Lorain-Ave-20901/home/10977376,,,N,Y,39.025762,-77.0054134
PAST SALE,,Single Family Residential,10218 Green Forest Dr,Silver Spring,MD,20903,465000,,2.5,,2264,11250,1957,,205,,,,,https://www.redfin.com/MD/Silver-Spring/10218-Green-Forest-Dr-20903/home/10563000,,,N,Y,39.0219673,-76.9728905
PAST SALE,October-15-2021,Single Family Residential,9721 Delamere Ct,Rockville,MD,20850,795000,4,2.5,GLEN PARK,2779,16527,1970,55,286,,Sold,,,https://www.redfin.com/MD/Rockville/9721-Delamere-Ct-20850/home/10508258,BRIGHT MLS,MDMC2005442,N,Y,39.0607948,-77.2005216
PAST SALE,August-30-2019,Single Family Residential,2231 Luzerne Ave,Silver Spring,MD,20910,510000,3,2.0,NORTH WOODSIDE,1200,6686,1951,832,425,,Sold,,,https://www.redfin.com/MD/Silver-Spring/2231-Luzerne-Ave-20910/home/11075571,BRIGHT MLS,MDMC670462,N,Y,39.0033404,-77.0467542
PAST SALE,September-6-2019,Single Family Residential,7601 Elioak Ter,Gaithersburg,MD,20879,355000,3,3.5,HADLEY FARMS,2245,2288,1990,825,158,58,Sold,,,https://www.redfin.com/MD/Gaithersburg/7601-Elioak-Ter-20879/home/10487711,BRIGHT MLS,MDMC667848,N,Y,39.182892,-77.159735
PAST SALE,August-31-2021,Single Family Residential,711 Marshall Ave,Rockville,MD,20851,515000,4,2.0,TWINBROOK FOREST,1676,8839,1958,100,307,,Sold,,,https://www.redfin.com/MD/Rockville/711-Marshall-Ave-20851/home/10515760,BRIGHT MLS,MDMC2007952,N,Y,39.0814095,-77.1154144
PAST SALE,May-12-2021,Single Family Residential,3820 Lawrence Ave,Kensington,MD,20895,510000,3,1.5,ROCK CREEK PALISADES,1512,7756,1950,211,337,,Sold,,,https://www.redfin.com/MD/Kensington/3820-Lawrence-Ave-20895/home/11029935,BRIGHT MLS,MDMC752914,N,Y,39.0345235,-77.0771997
PAST SALE,June-4-2021,Single Family Residential,3401 Tanterra Cir,Brookeville,MD,20833,555000,4,3.5,BROOKVILLE KNOLLS,2427,10080,1973,188,229,40,Sold,,,https://www.redfin.com/MD/Brookeville/3401-Tanterra-Cir-20833/home/10712070,BRIGHT MLS,MDMC754376,N,Y,39.1643555,-77.0662951
PAST SALE,August-24-2018,Single Family Residential,4509 Minuteman Dr,Rockville,MD,20853,600000,4,3.0,NORBECK ESTATES,2464,17408,1975,1203,244,,Sold,,,https://www.redfin.com/MD/Rockville/4509-Minuteman-Dr-20853/home/10709673,BRIGHT MLS,1002016986,N,Y,39.1270024,-77.0905987
PAST SALE,February-28-2019,Single Family Residential,13411 Grenoble Dr,Rockville,MD,20853,425000,4,3.0,WHEATON WOODS,2380,8223,1954,1015,179,,Sold,,,https://www.redfin.com/MD/Rockville/13411-Grenoble-Dr-20853/home/11034299,BRIGHT MLS,1006145994,N,Y,39.0762023,-77.0907336
PAST SALE,May-21-2021,Single Family Residential,9013 Wooden Bridge Rd,Potomac,MD,20854,1010000,4,2.5,POTOMAC COMMONS,2802,11088,1969,202,360,,Sold,,,https://www.redfin.com/MD/Rockville/9013-Wooden-Bridge-Rd-20854/home/10508965,BRIGHT MLS,MDMC752228,N,Y,39.0626875,-77.1860343
PAST SALE,September-23-2021,Single Family Residential,19825 New Hampshire Ave,Brinklow,MD,20862,625000,4,2.5,BRIGHTON KNOLLS,2480,114998,1918,77,252,,Sold,,,https://www.redfin.com/MD/Brinklow/19825-New-Hampshire-Ave-20862/home/10733346,BRIGHT MLS,MDMC2011584,N,Y,39.1820471,-77.0264169
PAST SALE,August-6-2021,Single Family Residential,1114 Ednor Rd,Silver Spring,MD,20905,650000,4,3.5,EDNOR ACRES,2510,49537,1951,125,259,,Sold,,,https://www.redfin.com/MD/Silver-Spring/1114-Ednor-Rd-20905/home/10706321,BRIGHT MLS,MDMC2003526,N,Y,39.1389814,-76.9885851
PAST SALE,June-15-2021,Single Family Residential,700 Fletcher Pl,Rockville,MD,20851,525000,3,2.5,TWINBROOK FOREST,1800,9171,1956,177,292,,Sold,,,https://www.redfin.com/MD/Rockville/700-Fletcher-Pl-20851/home/10515730,BRIGHT MLS,MDMC756808,N,Y,39.0832132,-77.11937
PAST SALE,October-20-2021,Single Family Residential,713 Dartmouth Ave,Silver Spring,MD,20910,725000,3,2.0,SILVER SPRING,1788,6279,1938,50,405,,Sold,,,https://www.redfin.com/MD/Silver-Spring/713-Dartmouth-Ave-20910/home/10967600,BRIGHT MLS,MDMC2015774,N,Y,38.9980673,-77.0198551
PAST SALE,May-22-2017,Single Family Residential,18989 Abbotsford Cir,Germantown,MD,20876,365000,4,2.5,FOX CHAPEL,2070,13589,1970,1662,176,,Sold,,,https://www.redfin.com/MD/Germantown/18989-Abbotsford-Cir-20876/home/10744892,BRIGHT MLS,1002502141,N,Y,39.1670227,-77.2389212
PAST SALE,September-17-2018,Single Family Residential,4200 Cedar Tree Ln,Burtonsville,MD,20866,430000,4,2.5,SADDLE CREEK,1950,5953,1988,1179,221,,Sold,,,https://www.redfin.com/MD/Burtonsville/4200-Cedar-Tree-Ln-20866/home/10596868,BRIGHT MLS,1001956514,N,Y,39.09863,-76.9250758
PAST SALE,July-27-2018,Single Family Residential,708 Stonestreet Ave S,Rockville,MD,20850,400000,3,2.0,ROCKDALE,1131,5500,1950,1231,354,,Sold,,,https://www.redfin.com/MD/Rockville/708-S-Stonestreet-Ave-20850/home/10513576,BRIGHT MLS,1001903210,N,Y,39.081241,-77.141277
PAST SALE,February-16-2018,Single Family Residential,14208 Secluded Ln,North Potomac,MD,20878,759900,4,2.5,STONEBRIDGE,2328,12380,1989,1392,326,55,Sold,,,https://www.redfin.com/MD/North-Potomac/14208-Secluded-Ln-20878/home/10623418,BRIGHT MLS,1004426773,N,Y,39.0879101,-77.2218562
PAST SALE,,Single Family Residential,4048 Adams Dr,Silver Spring,MD,20902,395000,,1.5,,1556,8984,1960,,254,,,,,https://www.redfin.com/MD/Silver-Spring/4048-Adams-Dr-20902/home/11036722,,,N,Y,39.047797,-77.0798527
PAST SALE,July-27-2017,Single Family Residential,615 Marcia Ln,Rockville,MD,20851,405000,3,1.5,TWINBROOK FOREST,1204,8320,1960,1596,336,,Sold,,,https://www.redfin.com/MD/Rockville/615-Marcia-Ln-20851/home/10515678,BRIGHT MLS,1002549497,N,Y,39.0803151,-77.1099302
PAST SALE,July-21-2017,Single Family Residential,15114 Gravenstein Way,North Potomac,MD,20878,632400,4,2.5,POTOMAC GROVE,2436,8800,1989,1602,260,58,Sold,,,https://www.redfin.com/MD/North-Potomac/15114-Gravenstein-Way-20878/home/10625618,BRIGHT MLS,1002533727,N,Y,39.1040466,-77.2534918
PAST SALE,March-8-2018,Single Family Residential,1496 Dunster Ln,Rockville,MD,20854,619000,4,2.5,POTOMAC WOODS,2788,9389,1963,1372,222,,Sold,,,https://www.redfin.com/MD/Rockville/1496-Dunster-Ln-20854/home/10512634,BRIGHT MLS,1004279697,N,Y,39.0616447,-77.1710959
PAST SALE,October-24-2017,Single Family Residential,19116 Pike Creek Pl N,Gaithersburg,MD,20886,420000,4,2.5,WHETSTONE,2764,7505,1969,1507,152,,Sold,,,https://www.redfin.com/MD/Gaithersburg/19116-N-Pike-Creek-Pl-20886/home/10743069,BRIGHT MLS,1000058077,N,Y,39.168767,-77.199247
PAST SALE,June-14-2019,Single Family Residential,19440 St Johnsbury Ln,Germantown,MD,20876,370000,4,2.0,FOX CHAPEL,1396,6200,1974,909,265,,Sold,,,https://www.redfin.com/MD/Germantown/19440-St-Johnsbury-Ln-20876/home/10744731,BRIGHT MLS,MDMC656880,N,Y,39.1742944,-77.239954
PAST SALE,December-7-2018,Single Family Residential,14314 Gate Dancer Ln,Boyds,MD,20841,645000,4,3.5,HOYLES MILL VILLAGE,4335,15551,2000,1098,149,65,Sold,,,https://www.redfin.com/MD/Boyds/14314-Gate-Dancer-Ln-20841/home/11178850,BRIGHT MLS,1000464332,N,Y,39.1545479,-77.3018605
PAST SALE,February-5-2018,Single Family Residential,13301 Cloverdale Pl,Germantown,MD,20874,400000,4,3.0,Churchill Town Sector,2355,9054,1985,1403,170,48,Sold,,,https://www.redfin.com/MD/Germantown/13301-Cloverdale-Pl-20874/home/10493425,MRIS,MC10044445,N,Y,39.1959509,-77.2770389
PAST SALE,May-13-2019,Single Family Residential,10432 Carlyn Ridge Rd,Damascus,MD,20872,410000,4,2.5,SWEEPSTAKES,2100,13112,1983,941,195,,Sold,,,https://www.redfin.com/MD/Damascus/10432-Carlyn-Ridge-Rd-20872/home/10936395,BRIGHT MLS,MDMC624404,N,Y,39.2612373,-77.2166192
PAST SALE,July-31-2017,Single Family Residential,8721 Oakmont St,Gaithersburg,MD,20877,382000,4,2.0,GAITHERSBURG OUTSIDE,1944,22800,1966,1592,197,,Sold,,,https://www.redfin.com/MD/Gaithersburg/8721-Oakmont-St-20877/home/10735698,BRIGHT MLS,1002537915,N,Y,39.1332069,-77.1800816
PAST SALE,August-10-2017,Single Family Residential,19214 Ranworth Dr,Germantown,MD,20874,520000,4,2.5,KINGSVIEW RIDGE,2112,11088,1994,1582,246,42,Sold,,,https://www.redfin.com/MD/Germantown/19214-Ranworth-Dr-20874/home/10497216,BRIGHT MLS,1002549455,N,Y,39.1750468,-77.294814
PAST SALE,August-28-2017,Single Family Residential,15616 Norman Dr,North Potomac,MD,20878,525000,4,3.0,MOUNTAIN VIEW ESTATES,1472,36344,1969,1564,357,,Sold,,,https://www.redfin.com/MD/North-Potomac/15616-Norman-Dr-20878/home/10608622,BRIGHT MLS,1002549469,N,Y,39.1126412,-77.2644242
PAST SALE,December-6-2018,Single Family Residential,18422 Clear Smoke Rd,Boyds,MD,20841,595000,4,3.5,KINGS CROSSING,3994,9147,2002,1099,149,63,Sold,,,https://www.redfin.com/MD/Boyds/18422-Clear-Smoke-Rd-20841/home/11179530,BRIGHT MLS,1009998446,N,Y,39.1615274,-77.30204
PAST SALE,August-1-2018,Single Family Residential,11406 Amberlea Farm Dr,North Potomac,MD,20878,895000,4,2.5,AMBERLEA FARM,3276,9260,2001,1226,273,61,Sold,,,https://www.redfin.com/MD/North-Potomac/11406-Amberlea-Farm-Dr-20878/home/11165299,BRIGHT MLS,1001461998,N,Y,39.0874381,-77.2349246
PAST SALE,September-14-2017,Single Family Residential,11401 Beechgrove Ln,Potomac,MD,20854,720000,4,3.0,BEDFORDSHIRE,2370,13181,1972,1547,304,,Sold,,,https://www.redfin.com/MD/Rockville/11401-Beechgrove-Ln-20854/home/10896448,BRIGHT MLS,1000193573,N,Y,39.0422807,-77.2105381
PAST SALE,June-30-2017,Single Family Residential,10213 Conover Dr,Silver Spring,MD,20902,500000,4,3.5,CARROLL KNOLLS,1830,6774,1956,1623,273,,Sold,,,https://www.redfin.com/MD/Silver-Spring/10213-Conover-Dr-20902/home/10982817,BRIGHT MLS,1002509637,N,Y,39.023723,-77.056289
PAST SALE,July-23-2018,Single Family Residential,2207 Ellis St,Silver Spring,MD,20910,520000,4,2.5,FOREST GLEN KNOLLS,1333,8432,1959,1235,390,,Sold,,,https://www.redfin.com/MD/Silver-Spring/2207-Ellis-St-20910/home/11070974,BRIGHT MLS,1001843718,N,Y,39.0149744,-77.0468892
PAST SALE,April-24-2018,Single Family Residential,1002 Kennon Ct,Rockville,MD,20851,483000,3,2.0,BURGUNDY ESTATES,1710,6912,1957,1325,282,,Sold,,,https://www.redfin.com/MD/Rockville/1002-Kennon-Ct-20851/home/10510278,BRIGHT MLS,1000238244,N,Y,39.0859471,-77.1327193
PAST SALE,August-17-2017,Single Family Residential,5515 Amesfield Ct,Rockville,MD,20853,497500,4,2.5,ROCK CREEK MANOR,1825,12583,1968,1575,273,,Sold,,,https://www.redfin.com/MD/Rockville/5515-Amesfield-Ct-20853/home/11076112,BRIGHT MLS,1002541971,N,Y,39.0921279,-77.111054
PAST SALE,July-26-2019,Single Family Residential,11518 Soward Dr,Silver Spring,MD,20902,400000,3,2.0,CONNECTICUT GARDENS,1638,8134,1957,867,244,,Sold,,,https://www.redfin.com/MD/Silver-Spring/11518-Soward-Dr-20902/home/11025513,BRIGHT MLS,MDMC662832,N,Y,39.0442283,-77.0748165
PAST SALE,December-28-2017,Single Family Residential,3611 Sandy Ct,Kensington,MD,20895,424000,4,2.5,NEWPORT HILLS,2318,7667,1959,1442,183,,Sold,,,https://www.redfin.com/MD/Kensington/3611-Sandy-Ct-20895/home/11059753,BRIGHT MLS,1002605903,N,Y,39.041744,-77.0733776
PAST SALE,March-7-2018,Single Family Residential,317 Taylor Ave,Rockville,MD,20850,450000,4,2.0,BURGUNDY HILLS,1554,6000,1953,1373,290,,Sold,,,https://www.redfin.com/MD/Rockville/317-Taylor-Ave-20850/home/10510368,BRIGHT MLS,1004448707,N,Y,39.0856793,-77.1382025
PAST SALE,May-29-2019,Single Family Residential,16629 Cutlass Dr,Rockville,MD,20853,727000,4,3.5,NORBECK ESTATES,4206,18981,1979,925,173,,Sold,,,https://www.redfin.com/MD/Rockville/16629-Cutlass-Dr-20853/home/10715100,BRIGHT MLS,MDMC652974,N,Y,39.1282824,-77.0932738
PAST SALE,May-24-2017,Single Family Residential,6311 Swords Way,Bethesda,MD,20817,895000,4,2.5,COURTS OF WYNGATE,2498,8690,1972,1660,358,53,Sold,,,https://www.redfin.com/MD/Bethesda/6311-Swords-Way-20817/home/10659660,BRIGHT MLS,1002493959,N,Y,39.0056939,-77.1299327
PAST SALE,October-19-2018,Single Family Residential,5215 Acacia Ave,Bethesda,MD,20814,950000,4,4.0,MAPLEWOOD,2692,5743,2012,1147,353,,Sold,,,https://www.redfin.com/MD/Bethesda/5215-Acacia-Ave-20814/home/10657841,BRIGHT MLS,1002334212,N,Y,39.0074066,-77.1051201
PAST SALE,September-28-2017,Single Family Residential,14817 Silver Ash Ct,Burtonsville,MD,20866,395000,4,2.5,VALLEY STREAM ESTATES,1940,4240,1987,1533,204,45,Sold,,,https://www.redfin.com/MD/Burtonsville/14817-Silver-Ash-Ct-20866/home/10596077,BRIGHT MLS,1000193245,N,Y,39.0982565,-76.925661
PAST SALE,November-17-2017,Single Family Residential,3807 Jeffry St,Silver Spring,MD,20906,399000,4,2.0,CONN AVE ESTATES,2250,7499,1954,1483,177,,Sold,,,https://www.redfin.com/MD/Silver-Spring/3807-Jeffry-St-20906/home/11023144,BRIGHT MLS,1001419743,N,Y,39.0661204,-77.0754461
PAST SALE,December-16-2019,Single Family Residential,13905 Bufflehead St,Clarksburg,MD,20871,560000,4,3.5,CABIN RANCH,3024,3795,2018,724,185,105,Sold,,,https://www.redfin.com/MD/Clarksburg/13905-Bufflehead-St-20871/home/165956944,BRIGHT MLS,MDMC687042,N,Y,39.2192796,-77.2887768
PAST SALE,October-7-2021,Single Family Residential,13909 Godwit St,Clarksburg,MD,20871,760000,4,3.5,CABIN BRANCH,3920,4377,2018,63,194,105,Sold,,,https://www.redfin.com/MD/Clarksburg/13909-Godwit-St-20871/home/146435621,BRIGHT MLS,MDMC2008772,N,Y,39.2198209,-77.2895035
PAST SALE,April-16-2021,Single Family Residential,315 Beaumont Rd,Silver Spring,MD,20904,600000,4,2.5,SHERWOOD FOREST MANOR,2146,32650,1964,237,280,,Sold,,,https://www.redfin.com/MD/Silver-Spring/315-Beaumont-Rd-20904/home/10565540,BRIGHT MLS,MDMC748358,N,Y,39.077386,-77.015493
PAST SALE,December-4-2020,Single Family Residential,10023 Kendale Rd,Potomac,MD,20854,1180000,3,3.0,MCAULEY PARK,3211,21181,1970,370,367,,Sold,,,https://www.redfin.com/MD/Rockville/10023-Kendale-Rd-20854/home/10891544,BRIGHT MLS,MDMC731236,N,Y,39.0203913,-77.1747994
PAST SALE,June-18-2021,Single Family Residential,4116 Wexford Ct,Kensington,MD,20895,530000,4,2.0,ROCK CREEK PALISADES,1645,5996,1955,174,322,,Sold,,,https://www.redfin.com/MD/Kensington/4116-Wexford-Ct-20895/home/11029561,BRIGHT MLS,MDMC757042,N,Y,39.0362307,-77.0827753
PAST SALE,December-9-2020,Single Family Residential,9515 Riley Rd,Silver Spring,MD,20910,639999,4,3.0,WOODSIDE HILLS,1445,5213,1937,365,443,,Sold,,,https://www.redfin.com/MD/Silver-Spring/9515-Riley-Rd-20910/home/11078156,BRIGHT MLS,MDMC733754,N,Y,39.0111318,-77.0454949
PAST SALE,December-28-2020,Single Family Residential,303 Midsummer Dr,Gaithersburg,MD,20878,820000,4,3.5,WASHINGTONIAN WOODS,5438,15233,1991,346,151,74,Sold,,,https://www.redfin.com/MD/Gaithersburg/303-Midsummer-Dr-20878/home/10856453,BRIGHT MLS,MDMC735976,N,Y,39.1072057,-77.2227769
PAST SALE,April-8-2021,Single Family Residential,4617 Maple Ave,Bethesda,MD,20814,855000,3,2.0,ROSEDALE PARK,1250,4440,1927,245,684,,Sold,,,https://www.redfin.com/MD/Bethesda/4617-Maple-Ave-20814/home/10652356,BRIGHT MLS,MDMC748298,N,Y,38.9922056,-77.0932064
PAST SALE,June-18-2021,Single Family Residential,5822 Lone Oak Dr,Bethesda,MD,20814,1260000,4,3.0,LONE OAK,3628,7504,1953,174,347,,Sold,,,https://www.redfin.com/MD/Bethesda/5822-Lone-Oak-Dr-20814/home/10676595,BRIGHT MLS,MDMC755628,N,Y,39.019544,-77.1179766
PAST SALE,December-4-2020,Single Family Residential,13132 Clifton Rd,Silver Spring,MD,20904,476000,4,2.5,BUCKLEY DOWNS,2543,12905,1967,370,187,,Sold,,,https://www.redfin.com/MD/Silver-Spring/13132-Clifton-Rd-20904/home/10574883,BRIGHT MLS,MDMC728796,N,Y,39.0711532,-76.9947476
PAST SALE,December-3-2021,Single Family Residential,3104 Greencastle,Burtonsville,MD,20866,550000,4,3.0,FAIRLAND,2704,24635,1955,6,203,,Sold,,,https://www.redfin.com/MD/Burtonsville/3104-Greencastle-Rd-20866/home/10565187,BRIGHT MLS,MDMC2018820,N,Y,39.0997906,-76.9472695
PAST SALE,,Single Family Residential,15405 Mount Nebo Rd,Poolesville,MD,20837,990000,,4.5,,6660,368953,2010,,149,,,,,https://www.redfin.com/MD/Poolesville/15405-Mount-Nebo-Rd-20837/home/21726874,,,N,Y,39.106921,-77.441222
PAST SALE,October-22-2020,Single Family Residential,5019 Druid Dr,Kensington,MD,20895,790000,3,2.5,GARRET PARK ESTATES,2692,6300,1954,413,293,,Sold,,,https://www.redfin.com/MD/Kensington/5019-Druid-Dr-20895/home/10502279,BRIGHT MLS,MDMC726702,N,Y,39.0378069,-77.1014787
PAST SALE,December-1-2020,Single Family Residential,11105 Hurdle Hill Dr,Rockville,MD,20854,942000,4,2.5,FOX HILLS,2943,11904,1967,373,320,,Sold,,,https://www.redfin.com/MD/Rockville/11105-Hurdle-Hill-Dr-20854/home/10893331,BRIGHT MLS,MDMC730588,N,Y,39.0372658,-77.1785832
PAST SALE,July-5-2019,Single Family Residential,15005 Athey Rd,Burtonsville,MD,20866,415000,3,3.0,OAKHURST,1858,10368,1983,888,223,23,Sold,,,https://www.redfin.com/MD/Burtonsville/15005-Athey-Rd-20866/home/10584961,BRIGHT MLS,MDMC658520,N,Y,39.1010765,-76.9374561
PAST SALE,March-15-2018,Single Family Residential,5718 Massachusetts Ave,Bethesda,MD,20816,749000,3,2.5,GLEN MAR PARK,1978,7200,1948,1365,379,,Sold,,,https://www.redfin.com/MD/Bethesda/5718-Massachusetts-Ave-20816/home/10656962,BRIGHT MLS,1001006689,N,Y,38.9609104,-77.1169876
PAST SALE,July-24-2020,Single Family Residential,19608 Gott St,Poolesville,MD,20837,425000,4,3.5,MEADOW PARK,2517,15866,1969,503,169,,Sold,,,https://www.redfin.com/MD/Poolesville/19608-Gott-St-20837/home/10499775,BRIGHT MLS,MDMC702684,N,Y,39.140911,-77.4088287
PAST SALE,February-1-2021,Single Family Residential,14913 Mcknew Rd,Burtonsville,MD,20866,500100,4,3.5,VALLEY STREAM ESTATES,2640,5251,1986,311,189,46,Sold,,,https://www.redfin.com/MD/Burtonsville/14913-McKnew-Rd-20866/home/10596116,BRIGHT MLS,MDMC740364,N,Y,39.0999028,-76.9243104
PAST SALE,December-17-2019,Single Family Residential,803 Norwood Rd,Silver Spring,MD,20905,724000,4,4.0,COLESVILLE OUTSIDE,3886,89734,2015,723,186,,Sold,,,https://www.redfin.com/MD/Silver-Spring/841-Norwood-Rd-20905/home/85694889,BRIGHT MLS,MDMC679372,N,Y,39.12387865,-77.02107111
PAST SALE,August-20-2021,Single Family Residential,14911 Windmill Ter,Silver Spring,MD,20905,606000,4,4.5,PEACHWOOD,2698,13863,1984,111,225,8,Sold,,,https://www.redfin.com/MD/Silver-Spring/14911-Windmill-Ter-20905/home/10581325,BRIGHT MLS,MDMC2008254,N,Y,39.101388,-76.9896201
PAST SALE,November-19-2021,Single Family Residential,2511 Parker Ave,Silver Spring,MD,20902,525000,4,2.5,WHEATON HILLS,1633,6880,1949,20,321,,Sold,,,https://www.redfin.com/MD/Silver-Spring/2511-Parker-Ave-20902/home/11005529,BRIGHT MLS,MDMC2016742,N,Y,39.0497965,-77.0534556
PAST SALE,June-4-2021,Single Family Residential,13002 Atlantic Ave,Rockville,MD,20851,459900,4,2.0,TWINBROOK,1200,10672,1952,188,383,,Sold,,,https://www.redfin.com/MD/Rockville/13002-Atlantic-Ave-20851/home/10515063,BRIGHT MLS,MDMC757730,N,Y,39.0714024,-77.1161336
PAST SALE,July-12-2021,Single Family Residential,14305 Stilton Cir,Silver Spring,MD,20905,716250,4,3.5,NORTH SHERWOOD FOREST,3832,12833,1988,150,187,18,Sold,,,https://www.redfin.com/MD/Silver-Spring/14305-Stilton-Cir-20905/home/10599130,BRIGHT MLS,MDMC762464,N,Y,39.0909806,-77.0023089
PAST SALE,October-8-2021,Single Family Residential,18 Spinning Wheel Ct,Germantown,MD,20874,615000,4,3.5,CHURCHILL TOWN SECTOR,3608,9435,1987,62,170,52,Sold,,,https://www.redfin.com/MD/Germantown/18-Spinning-Wheel-Ct-20874/home/10492873,BRIGHT MLS,MDMC2014660,N,Y,39.1971006,-77.2830989
PAST SALE,June-15-2021,Single Family Residential,2210 Reedie Dr,Silver Spring,MD,20902,525000,3,2.5,WHEATON FOREST,2509,7272,1955,177,209,,Sold,,,https://www.redfin.com/MD/Silver-Spring/2210-Reedie-Dr-20902/home/11031559,BRIGHT MLS,MDMC758174,N,Y,39.0389778,-77.0476987
PAST SALE,May-26-2021,Single Family Residential,14014 Hartley Hall Pl,Darnestown,MD,20874,957000,4,2.5,HARTLEY HALL ESTATES,3730,87556,1992,197,257,,Sold,,,https://www.redfin.com/MD/Germantown/14014-Hartley-Hall-Pl-20874/home/10626209,BRIGHT MLS,MDMC753462,N,Y,39.087459,-77.299133
PAST SALE,August-13-2019,Single Family Residential,8712 Laurel Valley Ln,Gaithersburg,MD,20886,405000,4,2.5,MEADOWGATE,2272,2623,1992,849,178,114,Sold,,,https://www.redfin.com/MD/Gaithersburg/8712-Laurel-Valley-Ln-20886/home/10488408,BRIGHT MLS,MDMC669512,N,Y,39.181978,-77.178578
PAST SALE,August-2-2021,Single Family Residential,22451 Newcut Rd,Clarksburg,MD,20871,830000,4,3.5,CLARKSBURG VILLAGE,3891,6059,2016,129,213,84,Sold,,,https://www.redfin.com/MD/Clarksburg/22451-Newcut-Rd-20871/home/144685851,BRIGHT MLS,MDMC2002590,N,Y,39.2256818,-77.2524431
PAST SALE,September-30-2020,Single Family Residential,19301 Kildonan Dr,Gaithersburg,MD,20879,395000,3,1.5,EDINBURGH,1190,7986,1987,435,332,72,Sold,,,https://www.redfin.com/MD/Gaithersburg/19301-Kildonan-Dr-20879/home/10486034,BRIGHT MLS,MDMC721268,N,Y,39.176626,-77.1574364
PAST SALE,May-18-2020,Single Family Residential,11420 Tulip Poplar Ter,Germantown,MD,20876,367500,3,2.5,SENECA CROSSING,1262,3171,2000,570,291,41,Sold,,,https://www.redfin.com/MD/Germantown/11420-Tulip-Poplar-Ter-20876/home/10872576,BRIGHT MLS,MDMC703026,N,Y,39.2034153,-77.2369005
PAST SALE,April-17-2020,Single Family Residential,622 Ellsworth Dr,Silver Spring,MD,20910,835000,4,3.0,WHEATON OUT RES. (1),2250,7327,1936,601,371,,Sold,,,https://www.redfin.com/MD/Silver-Spring/622-Ellsworth-Dr-20910/home/10950074,BRIGHT MLS,MDMC692254,N,Y,39.0006767,-77.023454
PAST SALE,June-7-2019,Single Family Residential,5211 Drake Ter,Rockville,MD,20853,495000,4,2.5,ROCK CREEK MANOR,2025,15678,1966,916,244,,Sold,,,https://www.redfin.com/MD/Rockville/5211-Drake-Ter-20853/home/11076797,BRIGHT MLS,MDMC654042,N,Y,39.0863145,-77.1038164
PAST SALE,December-27-2018,Single Family Residential,205 Meadowgate Ter,Gaithersburg,MD,20877,400000,3,2.5,SAYBROOKE,2000,7263,1987,1078,200,58,Sold,,,https://www.redfin.com/MD/Gaithersburg/205-Meadowgate-Ter-20877/home/10849180,BRIGHT MLS,1005935445,N,Y,39.1496071,-77.1759708
PAST SALE,October-23-2019,Single Family Residential,14901 Sequoia Hill Ln,Silver Spring,MD,20906,395000,3,3.5,LONGMEAD,1626,5212,1987,778,243,66,Sold,,,https://www.redfin.com/MD/Silver-Spring/14901-Sequoia-Hill-Ln-20906/home/11131703,BRIGHT MLS,MDMC673550,N,Y,39.1017256,-77.0443704
PAST SALE,November-26-2019,Single Family Residential,20408 Sandsfield Ter,Germantown,MD,20876,498000,4,3.0,WATKINS MEADOWS,2910,11105,1987,744,171,,Sold,,,https://www.redfin.com/MD/Germantown/20408-Sandsfield-Ter-20876/home/10821884,BRIGHT MLS,MDMC670940,N,Y,39.193697,-77.2231587
PAST SALE,December-4-2020,Single Family Residential,12221 Milestone Manor Ln,Germantown,MD,20876,550000,4,3.5,MILESTONE,3416,9168,1995,370,161,54,Sold,,,https://www.redfin.com/MD/Germantown/12221-Milestone-Manor-Ln-20876/home/10496951,BRIGHT MLS,MDMC732538,N,Y,39.2048558,-77.2522346
PAST SALE,April-13-2021,Single Family Residential,9529 Emory Grove Rd,Gaithersburg,MD,20877,457000,4,3.5,SHARON WOODS,3452,22548,1975,240,132,,Sold,,,https://www.redfin.com/MD/Gaithersburg/9529-Emory-Grove-Rd-20877/home/10744262,BRIGHT MLS,MDMC750534,N,Y,39.166791,-77.1965237
PAST SALE,February-12-2021,Single Family Residential,13925 Schaeffer Rd,Boyds,MD,20841,787000,4,3.5,HOYLES MILL VILLAGE,4443,16701,2005,300,177,69,Sold,,,https://www.redfin.com/MD/Boyds/13925-Schaeffer-Rd-20841/home/11203863,BRIGHT MLS,MDMC739168,N,Y,39.1593892,-77.2906398
PAST SALE,January-8-2020,Single Family Residential,2203 Luzerne Ave,Silver Spring,MD,20910,495000,4,2.0,NORTH WOODSIDE,1200,5431,1950,701,413,,Sold,,,https://www.redfin.com/MD/Silver-Spring/2203-Luzerne-Ave-20910/home/11075386,BRIGHT MLS,MDMC686762,N,Y,39.0050599,-77.0481485
PAST SALE,January-26-2021,Single Family Residential,15720 Buena Vista Dr,Rockville,MD,20855,635000,4,2.5,DERWOOD STATION,1916,13078,1983,317,331,25,Sold,,,https://www.redfin.com/MD/Rockville/15720-Buena-Vista-Dr-20855/home/10537120,BRIGHT MLS,MDMC736874,N,Y,39.1138378,-77.1524035
PAST SALE,July-7-2020,Single Family Residential,21945 Greenbrook Dr,Boyds,MD,20841,682500,4,3.0,GREENRIDGE ACRES,3739,30181,1993,520,183,33,Sold,,,https://www.redfin.com/MD/Boyds/21945-Greenbrook-Dr-20841/home/10497277,BRIGHT MLS,MDMC707178,N,Y,39.2188734,-77.2504217
PAST SALE,June-9-2021,Single Family Residential,8337 Marketree Cir,Montgomery Village,MD,20886,573000,3,3.5,GABLE FIELD M V,2930,5500,1989,183,196,116,Sold,,,https://www.redfin.com/MD/Gaithersburg/8337-Marketree-Cir-20886/home/10487801,BRIGHT MLS,MDMC757956,N,Y,39.18857,-77.173299
PAST SALE,May-13-2019,Single Family Residential,12905 Moray Rd,Silver Spring,MD,20906,385000,4,1.5,CONN AVE PARK,2280,6328,1956,941,169,,Sold,,,https://www.redfin.com/MD/Silver-Spring/12905-Moray-Rd-20906/home/11038241,BRIGHT MLS,MDMC620414,N,Y,39.0672791,-77.0782789
PAST SALE,December-17-2019,Single Family Residential,13433 Cloverdale Pl,Germantown,MD,20874,395000,3,4.0,CHURCHILL TOWN SECTOR,1772,5101,1985,723,223,50,Sold,,,https://www.redfin.com/MD/Germantown/13433-Cloverdale-Pl-20874/home/10493447,BRIGHT MLS,MDMC680102,N,Y,39.1962681,-77.2806301
PAST SALE,February-26-2021,Single Family Residential,8424 Marketree Cir,Montgomery Village,MD,20886,530000,4,3.5,GABLE FIELD M V,3320,4400,1992,286,160,120,Sold,,,https://www.redfin.com/MD/Montgomery-Village/8424-Marketree-Cir-20886/home/10487854,BRIGHT MLS,MDMC742278,N,Y,39.1886183,-77.1750048
PAST SALE,October-13-2021,Single Family Residential,5515 Huntington Pkwy,Bethesda,MD,20814,860000,4,3.0,GREENWICH FOREST,2236,6622,1956,57,385,,Sold,,,https://www.redfin.com/MD/Bethesda/5515-Huntington-Pkwy-20814/home/10646758,BRIGHT MLS,MDMC2011524,N,Y,38.992182,-77.112234
PAST SALE,October-25-2021,Single Family Residential,716 Mcneil Ln,Silver Spring,MD,20905,510000,3,2.0,COLESVILLE OUTSIDE,2291,17859,1953,45,223,,Sold,,,https://www.redfin.com/MD/Silver-Spring/716-McNeil-Ln-20905/home/10556395,BRIGHT MLS,MDMC2015014,N,Y,39.1130744,-76.9923671
PAST SALE,,Single Family Residential,15412 Aylesbury St,Silver Spring,MD,20905,530000,,3.0,,2890,11050,1972,,183,,,,,https://www.redfin.com/MD/Silver-Spring/15412-Aylesbury-St-20905/home/10575982,,,N,Y,39.1090578,-76.9750398
PAST SALE,,Single Family Residential,6605 Persimmon Tree Rd,Cabin John,MD,20818,600000,,1.0,,1048,13359,1923,,573,,,,,https://www.redfin.com/MD/Cabin-John/6605-Persimmon-Tree-Rd-20818/home/10645254,,,N,Y,38.9764576,-77.1689842
PAST SALE,June-14-2021,Single Family Residential,2 Denham Ct,Rockville,MD,20851,540000,3,2.5,BURGUNDY ESTATES,1380,6841,1978,178,391,,Sold,,,https://www.redfin.com/MD/Rockville/2-Denham-Ct-20851/home/10526141,BRIGHT MLS,MDMC756490,N,Y,39.0865734,-77.1347418
PAST SALE,September-29-2021,Single Family Residential,800 Malibu Dr,Silver Spring,MD,20901,505000,3,3.0,FRANKLIN VALE,1627,6650,1959,71,310,,Sold,,,https://www.redfin.com/MD/Silver-Spring/800-Malibu-Dr-20901/home/11071358,BRIGHT MLS,MDMC2006084,N,Y,39.0094768,-76.9945698
PAST SALE,August-20-2021,Single Family Residential,10309 Crown Point Ct,Potomac,MD,20854,1150000,4,2.5,HERITAGE FARM,3288,15000,1970,111,350,,Sold,,,https://www.redfin.com/MD/Rockville/10309-Crown-Point-Ct-20854/home/10900002,BRIGHT MLS,MDMC2004866,N,Y,39.0143733,-77.2127165
PAST SALE,October-15-2021,Single Family Residential,722 Gist Ave,Silver Spring,MD,20910,724900,4,2.0,BLAIR,1680,5000,1925,55,431,,Sold,,,https://www.redfin.com/MD/Silver-Spring/722-Gist-Ave-20910/home/10953730,BRIGHT MLS,MDMC2014344,N,Y,38.9886827,-77.0188091
PAST SALE,February-11-2019,Single Family Residential,19220 Wheatfield Dr,Germantown,MD,20876,522000,4,3.5,SENECA PARK NORTH,3269,6766,1995,1032,160,31,Sold,,,https://www.redfin.com/MD/Germantown/19220-Wheatfield-Dr-20876/home/10870780,BRIGHT MLS,MDMC486230,N,Y,39.1753614,-77.2329936
PAST SALE,July-26-2019,Single Family Residential,14656 Woonsockett Dr,Silver Spring,MD,20905,472000,4,2.5,ROLLING STONE,1480,15457,1982,867,319,,Sold,,,https://www.redfin.com/MD/Silver-Spring/14656-Woonsockett-Dr-20905/home/10579981,BRIGHT MLS,MDMC663040,N,Y,39.0976813,-77.0136074
PAST SALE,January-23-2018,Single Family Residential,1611 Northcrest Dr,Silver Spring,MD,20904,403000,4,2.5,FAIRKNOLL,3096,9468,1966,1416,130,,Sold,,,https://www.redfin.com/MD/Silver-Spring/1611-Northcrest-Dr-20904/home/10571588,BRIGHT MLS,1004327433,N,Y,39.0761774,-76.9780245
PAST SALE,July-12-2019,Single Family Residential,19705 Midas Ct,Gaithersburg,MD,20879,425000,4,2.5,HADLEY FARMS,2520,5017,1986,881,169,60,Sold,,,https://www.redfin.com/MD/Gaithersburg/19705-Midas-Ct-20879/home/10485536,BRIGHT MLS,MDMC661924,N,Y,39.1800566,-77.153437
PAST SALE,December-12-2016,Single Family Residential,1702 Lewis Ave,Rockville,MD,20851,382500,3,2.0,ROCKCREST,1437,6902,1953,1823,266,,Sold,,,https://www.redfin.com/MD/Rockville/1702-Lewis-Ave-20851/home/10513304,BRIGHT MLS,1002443407,N,Y,39.0713746,-77.1298428
PAST SALE,July-3-2019,Single Family Residential,906 S Belgrade Rd,Silver Spring,MD,20902,438900,4,2.5,KEMP MILL ESTATES,1756,6300,1957,890,250,,Sold,,,https://www.redfin.com/MD/Silver-Spring/906-S-Belgrade-Rd-20902/home/11051516,BRIGHT MLS,MDMC658466,N,Y,39.0406368,-77.024916
PAST SALE,May-12-2017,Single Family Residential,11904 Riding Loop Ter,North Potomac,MD,20878,710000,4,5.0,POTOMAC RIDGE,2396,8011,1988,1672,296,45,Sold,,,https://www.redfin.com/MD/North-Potomac/11904-Riding-Loop-Ter-20878/home/10620760,BRIGHT MLS,1002493515,N,Y,39.0838327,-77.2461057
PAST SALE,October-19-2018,Single Family Residential,4233 East West Hwy,Chevy Chase,MD,20815,822500,3,2.0,MEADOWBROOK VILLAGE,2194,7816,1940,1147,375,,Sold,,,https://www.redfin.com/MD/Chevy-Chase/4233-East-West-Hwy-20815/home/147295211,BRIGHT MLS,1007528776,N,Y,38.986099003,-77.08720151
PAST SALE,July-27-2018,Single Family Residential,10018 Tenbrook Dr,Silver Spring,MD,20901,415000,3,2.0,ARGYLE CLUB ESTATES,1486,8416,1948,1231,279,,Sold,,,https://www.redfin.com/MD/Silver-Spring/10018-Tenbrook-Dr-20901/home/10980796,BRIGHT MLS,1001665826,N,Y,39.0207135,-77.0313262
PAST SALE,April-18-2019,Single Family Residential,6309 Haviland Dr,Bethesda,MD,20817,834900,4,3.0,WOODBURN,2760,7166,1960,966,303,,Sold,,,https://www.redfin.com/MD/Bethesda/6309-Haviland-Dr-20817/home/10675218,BRIGHT MLS,MDMC619132,N,Y,38.9731952,-77.1237525
PAST SALE,July-10-2017,Single Family Residential,4305 Ferrara Dr,Silver Spring,MD,20906,365000,3,1.5,GARRETT FOREST,2007,7350,1957,1613,182,,Sold,,,https://www.redfin.com/MD/Silver-Spring/4305-Ferrara-Dr-20906/home/11045305,BRIGHT MLS,1002536175,N,Y,39.0517207,-77.0848436
PAST SALE,,Single Family Residential,9514 Crosby Rd,Silver Spring,MD,20910,525000,,3.5,,2010,7200,1956,,261,,,,,https://www.redfin.com/MD/Silver-Spring/9514-Crosby-Rd-20910/home/11052364,,,N,Y,39.0117153,-77.0314611
PAST SALE,April-7-2017,Single Family Residential,909 Sligo Creek Pkwy,Takoma Park,MD,20912,550000,3,2.0,TAKOMA PARK,1570,9470,1941,1707,350,,Sold,,,https://www.redfin.com/MD/Takoma-Park/909-Sligo-Creek-Pkwy-20912/home/11146999,BRIGHT MLS,1002460753,N,Y,38.980686,-76.993754
PAST SALE,October-17-2019,Single Family Residential,18601 Brooke Rd,Sandy Spring,MD,20860,435000,4,2.0,OLNEY OUT RES (3),1604,43560,1970,784,271,,Sold,,,https://www.redfin.com/MD/Sandy-Spring/18601-Brooke-Rd-20860/home/10703382,BRIGHT MLS,MDMC678502,N,Y,39.1610823,-77.0276796
PAST SALE,September-12-2018,Single Family Residential,18024 Driftwood Ct,Gaithersburg,MD,20877,350000,4,1.5,LAYTONIA,1590,4800,1970,1184,220,39,Sold,,,https://www.redfin.com/MD/Gaithersburg/18024-Driftwood-Ct-20877/home/10739369,BRIGHT MLS,1001869948,N,Y,39.1525635,-77.1574813
PAST SALE,January-11-2017,Single Family Residential,18632 Blue Violet Ln,Gaithersburg,MD,20879,359000,3,2.5,FLOWER HILL,2200,7527,1982,1793,163,,Sold,,,https://www.redfin.com/MD/Gaithersburg/18632-Blue-Violet-Ln-20879/home/10797076,BRIGHT MLS,1002467373,N,Y,39.163448,-77.1734211
PAST SALE,May-23-2017,Single Family Residential,1506 Aintree Dr,Rockville,MD,20850,630000,4,2.5,ROCKSHIRE,1728,10800,1972,1661,365,50,Sold,,,https://www.redfin.com/MD/Rockville/1506-Aintree-Dr-20850/home/10518649,BRIGHT MLS,1002503953,N,Y,39.0824,-77.1777005
PAST SALE,April-19-2018,Single Family Residential,10812 Maplecrest Ln,Rockville,MD,20854,950000,4,3.5,PINEY GLEN VILLAGE,3356,7475,1996,1330,283,74,Sold,,,https://www.redfin.com/MD/Rockville/10812-Maplecrest-Ln-20854/home/10552006,BRIGHT MLS,1000209320,N,Y,39.07644,-77.2202394
PAST SALE,August-16-2019,Single Family Residential,725 Harrington Rd,Rockville,MD,20852,555000,4,2.5,HUNGERFORD,2190,6300,1960,846,253,,Sold,,,https://www.redfin.com/MD/Rockville/725-Harrington-Rd-20852/home/10511080,BRIGHT MLS,MDMC665158,N,Y,39.0729333,-77.1502465
PAST SALE,January-4-2019,Single Family Residential,107 Floral Dr,Gaithersburg,MD,20877,317500,3,1.0,MEEMS ADD,1095,11146,1953,1070,290,,Sold,,,https://www.redfin.com/MD/Gaithersburg/107-Floral-Dr-20877/home/10751002,BRIGHT MLS,MDMC102888,N,Y,39.1412426,-77.2052357
PAST SALE,July-31-2019,Single Family Residential,18910 Moonwalk Ct,Germantown,MD,20874,564000,4,3.5,GERMANTOWN ESTATES,2528,10786,1990,862,223,64,Sold,,,https://www.redfin.com/MD/Germantown/18910-Moonwalk-Ct-20874/home/10494475,BRIGHT MLS,MDMC664624,N,Y,39.1713488,-77.2939163
PAST SALE,April-27-2018,Single Family Residential,10233 Sundance Ct,Potomac,MD,20854,895000,4,3.5,INVERNESS FOREST,2809,8772,1985,1322,319,46,Sold,,,https://www.redfin.com/MD/Potomac/10233-Sundance-Ct-20854/home/10915790,BRIGHT MLS,1000455284,N,Y,39.0251285,-77.1640417
PAST SALE,May-21-2018,Single Family Residential,10609 Belfast Pl,Potomac,MD,20854,1120000,3,3.0,FAWCETT FARMS,2193,41600,1959,1298,511,,Sold,,,https://www.redfin.com/MD/Rockville/10609-Belfast-Pl-20854/home/10887432,BRIGHT MLS,1000386552,N,Y,38.9918332,-77.2196556
PAST SALE,June-12-2018,Single Family Residential,23308 Wilderness Walk Ct,Gaithersburg,MD,20882,695000,4,4.0,DAMASCUS OUTSIDE,3496,97139,1986,1276,199,,Sold,,,https://www.redfin.com/MD/Gaithersburg/23308-Wilderness-Walk-Ct-20882/home/10936679,BRIGHT MLS,1000866180,N,Y,39.2393883,-77.2064957
PAST SALE,June-30-2017,Single Family Residential,9530 Greenel Rd,Damascus,MD,20872,649900,4,3.5,COUNTY VIEW,3496,46170,2001,1623,186,21,Sold,,,https://www.redfin.com/MD/Damascus/9530-Greenel-Rd-20872/home/11170121,BRIGHT MLS,1002514805,N,Y,39.2620283,-77.1937611
PAST SALE,October-5-2018,Single Family Residential,9821 Cahart Pl,Silver Spring,MD,20903,376000,3,2.0,OAKVIEW,1430,7869,1950,1161,263,,Sold,,,https://www.redfin.com/MD/Silver-Spring/9821-Cahart-Pl-20903/home/10561718,BRIGHT MLS,1002490816,N,Y,39.0168295,-76.9816552
PAST SALE,August-16-2017,Single Family Residential,16704 Briardale Rd,Derwood,MD,20855,532800,4,2.5,PARKSIDE ESTATES,2948,16000,1969,1576,181,,Sold,,,https://www.redfin.com/MD/Derwood/16704-Briardale-Rd-20855/home/10738550,BRIGHT MLS,1002550839,N,Y,39.13009,-77.152164
PAST SALE,July-31-2018,Single Family Residential,19328 Ranworth Dr,Germantown,MD,20874,628990,4,2.5,KINGSVIEW RIDGE,2843,11812,1998,1227,221,44,Sold,,,https://www.redfin.com/MD/Germantown/19328-Ranworth-Dr-20874/home/10497292,BRIGHT MLS,1001531186,N,Y,39.1781687,-77.2915824
PAST SALE,June-14-2017,Single Family Residential,19206 Ranworth Dr,Germantown,MD,20874,560000,4,2.5,KINGSVIEW RIDGE,2480,12850,1993,1639,226,42,Sold,,,https://www.redfin.com/MD/Germantown/19206-Ranworth-Dr-20874/home/10497212,BRIGHT MLS,1002498545,N,Y,39.1743313,-77.295577
PAST SALE,March-31-2017,Single Family Residential,7 Saddle Creek Ct,Burtonsville,MD,20866,417000,4,3.5,SADDLE CREEK,3024,7529,1988,1714,138,34,Sold,,,https://www.redfin.com/MD/Burtonsville/7-Saddle-Creek-Ct-20866/home/10599776,BRIGHT MLS,1002489161,N,Y,39.1035401,-76.919718
PAST SALE,May-24-2019,Single Family Residential,12901 Barleycorn Ter,Germantown,MD,20874,535000,4,2.5,VILLAGE OF CLOPPERS MILL,2340,14772,1995,930,229,55,Sold,,,https://www.redfin.com/MD/Germantown/12901-Barleycorn-Ter-20874/home/10630675,BRIGHT MLS,MDMC620316,N,Y,39.149423,-77.2692278
PAST SALE,October-23-2018,Single Family Residential,11 Indian Grass Ct,Germantown,MD,20874,525000,4,2.5,BROWNSTOWN ESTATES,2806,7178,1999,1143,187,53,Sold,,,https://www.redfin.com/MD/Germantown/11-Indian-Grass-Ct-20874/home/10633799,BRIGHT MLS,1002071160,N,Y,39.1346692,-77.283054
PAST SALE,November-30-2018,Single Family Residential,24705 Etchison Dr,Gaithersburg,MD,20882,305000,3,1.0,SENECA OVERLOOK,972,38098,1972,1105,314,,Sold,,,https://www.redfin.com/MD/Gaithersburg/24705-Etchison-Dr-20882/home/10483769,BRIGHT MLS,1002282980,N,Y,39.2623185,-77.1514598
PAST SALE,June-15-2018,Single Family Residential,11011 Grassy Knoll Ter,Germantown,MD,20876,539000,4,3.5,KINGS SQUARE,3881,7154,1998,1273,139,38,Sold,,,https://www.redfin.com/MD/Germantown/11011-Grassy-Knoll-Ter-20876/home/10857212,BRIGHT MLS,1000292248,N,Y,39.1783222,-77.2243712
PAST SALE,September-20-2018,Single Family Residential,11400 Brandy Hall Ln,North Potomac,MD,20878,625000,4,2.5,DUFIEF,2475,14703,1972,1176,253,17,Sold,,,https://www.redfin.com/MD/North-Potomac/11400-Brandy-Hall-Ln-20878/home/10609267,BRIGHT MLS,1005932329,N,Y,39.1019389,-77.2357329
PAST SALE,August-24-2018,Single Family Residential,12006 Blackberry Ter,North Potomac,MD,20878,705000,4,3.5,QUINCE ORCHARD KNOLLS,2388,9984,1994,1203,295,48,Sold,,,https://www.redfin.com/MD/North-Potomac/12006-Blackberry-Ter-20878/home/10626762,BRIGHT MLS,1001624194,N,Y,39.1118333,-77.2507978
PAST SALE,June-21-2019,Single Family Residential,8811 Stonehaven Ct,Potomac,MD,20854,760000,4,3.5,HIGHLAND STONE,2736,9467,1968,902,278,,Sold,,,https://www.redfin.com/MD/Rockville/8811-Stonehaven-Ct-20854/home/10507658,BRIGHT MLS,MDMC654190,N,Y,39.0492286,-77.1829569
PAST SALE,October-26-2018,Single Family Residential,3922 Lantern Dr,Silver Spring,MD,20902,379000,4,2.0,CONN AVE HILLS,910,6713,1954,1140,416,,Sold,,,https://www.redfin.com/MD/Silver-Spring/3922-Lantern-Dr-20902/home/11036687,BRIGHT MLS,1003655374,N,Y,39.0471748,-77.0782339
PAST SALE,January-4-2019,Single Family Residential,2708 Plyers Mill Rd,Silver Spring,MD,20902,440000,4,2.0,OAKLAND TERRACE,1430,7800,1947,1070,308,,Sold,,,https://www.redfin.com/MD/Silver-Spring/2708-Plyers-Mill-Rd-20902/home/10993875,BRIGHT MLS,1009961946,N,Y,39.0294859,-77.056244
PAST SALE,March-23-2018,Single Family Residential,1710 Corwin Dr,Silver Spring,MD,20910,690000,3,3.0,WOODSIDE PARK,1994,5100,1937,1357,346,,Sold,,,https://www.redfin.com/MD/Silver-Spring/1710-Corwin-Dr-20910/home/11079002,BRIGHT MLS,1000129014,N,Y,39.0081239,-77.0387031
PAST SALE,October-27-2017,Single Family Residential,1505 Korth Pl,Silver Spring,MD,20902,445000,3,3.0,PARKWAY,1966,9523,1958,1504,226,,Sold,,,https://www.redfin.com/MD/Silver-Spring/1505-Korth-Pl-20902/home/11061505,BRIGHT MLS,1001012099,N,Y,39.0369968,-77.0368589
PAST SALE,May-18-2017,Single Family Residential,11522 Georgia Ave,Silver Spring,MD,20902,409999,4,2.0,WHEATON HILLS,1646,6840,1949,1666,249,,Sold,,,https://www.redfin.com/MD/Silver-Spring/11522-Georgia-Ave-20902/home/11007265,BRIGHT MLS,1002504675,N,Y,39.0449665,-77.0524324
PAST SALE,July-21-2017,Single Family Residential,17104 Thorntondale Ct,Olney,MD,20832,410000,3,2.5,HALLOWELL,1432,6959,1986,1602,286,75,Sold,,,https://www.redfin.com/MD/Olney/17104-Thorntondale-Ct-20832/home/10719228,BRIGHT MLS,1002536283,N,Y,39.1380442,-77.0639342
PAST SALE,July-7-2017,Single Family Residential,9807 Cedar Ln,Bethesda,MD,20814,662500,4,3.0,ROCK CREEK HIGHLANDS,2570,10300,1957,1616,258,,Sold,,,https://www.redfin.com/MD/Bethesda/9807-Cedar-Ln-20814/home/11062323,BRIGHT MLS,1002538931,N,Y,39.0157644,-77.0881532
PAST SALE,December-30-2016,Single Family Residential,4549 Fairfield Dr,Bethesda,MD,20814,720000,4,3.0,GLENBROOK VILLAGE,1452,5308,1938,1805,496,,Sold,,,https://www.redfin.com/MD/Bethesda/4549-Fairfield-Dr-20814/home/10647728,BRIGHT MLS,1002463165,N,Y,38.9961428,-77.0922173
PAST SALE,February-12-2018,Single Family Residential,307 Highland Ridge Ave,Gaithersburg,MD,20878,642450,3,3.5,QUINCE ORCHARD PARK,3136,3077,1997,1396,205,90,Sold,,,https://www.redfin.com/MD/Gaithersburg/307-Highland-Ridge-Ave-20878/home/10878162,BRIGHT MLS,1003978615,N,Y,39.127535,-77.2258533
PAST SALE,November-15-2017,Single Family Residential,4305 Marionet St,Rockville,MD,20853,420000,4,3.0,WHEATON WOODS,1616,12004,1962,1485,260,,Sold,,,https://www.redfin.com/MD/Rockville/4305-Marionet-St-20853/home/11035278,BRIGHT MLS,1001008315,N,Y,39.0833529,-77.0863274
PAST SALE,September-13-2019,Single Family Residential,8717 Cathedral Way,Gaithersburg,MD,20879,450000,4,3.5,FLOWER HILL,2718,9531,1989,818,166,39,Sold,,,https://www.redfin.com/MD/Gaithersburg/8717-Cathedral-Way-20879/home/10851932,BRIGHT MLS,MDMC663906,N,Y,39.1661191,-77.1779251
PAST SALE,April-7-2017,Single Family Residential,3900 Decatur Ave,Kensington,MD,20895,635000,4,3.0,ROCK CREEK PALISADES,2027,10642,1953,1707,313,,Sold,,,https://www.redfin.com/MD/Kensington/3900-Decatur-Ave-20895/home/11029413,BRIGHT MLS,1002496755,N,Y,39.0335522,-77.0771098
PAST SALE,March-27-2018,Single Family Residential,9813 Montauk Ave,Bethesda,MD,20817,750000,3,4.0,GEORGETOWN VILLAGE,2300,5705,1951,1353,326,,Sold,,,https://www.redfin.com/MD/Bethesda/9813-Montauk-Ave-20817/home/10663809,BRIGHT MLS,1000315264,N,Y,39.017595,-77.128854
PAST SALE,July-30-2018,Single Family Residential,13322 Dauphine St,Silver Spring,MD,20906,423000,4,3.0,HARMONY HILLS,1913,6565,1956,1228,221,,Sold,,,https://www.redfin.com/MD/Silver-Spring/13322-Dauphine-St-20906/home/11047735,BRIGHT MLS,1001915844,N,Y,39.0752851,-77.0782789
PAST SALE,November-7-2018,Single Family Residential,9 Derbyshire Ct,Bethesda,MD,20817,770000,4,3.0,STRATTON WOODS,2736,9959,1963,1128,281,,Sold,,,https://www.redfin.com/MD/Bethesda/9-Derbyshire-Ct-20817/home/10676030,BRIGHT MLS,1000421592,N,Y,39.01714,-77.1401592
PAST SALE,August-31-2017,Single Family Residential,8517 Warde Ter,Potomac,MD,20854,915000,4,4.5,MCAULEY PARK,3600,20020,1965,1561,254,,Sold,,,https://www.redfin.com/MD/Rockville/8517-Warde-Ter-20854/home/10891633,BRIGHT MLS,1002556449,N,Y,39.0199432,-77.178644
PAST SALE,June-22-2018,Single Family Residential,211 Crabb Ave,Rockville,MD,20850,435000,4,1.5,CROYDEN PARK,1520,6500,1928,1266,286,,Sold,,,https://www.redfin.com/MD/Rockville/211-Crabb-Ave-20850/home/10510564,BRIGHT MLS,1001188258,N,Y,39.088574,-77.1454829
PAST SALE,,Single Family Residential,208 Lincoln Ave,Rockville,MD,20850,384500,,2.0,,1519,12500,1940,,253,,,,,https://www.redfin.com/MD/Rockville/208-Lincoln-Ave-20850/home/10511745,,,N,Y,39.0921172,-77.1485388
PAST SALE,May-10-2019,Single Family Residential,113 S Brook Ln,Bethesda,MD,20814,846500,4,4.0,GLENBROOK KNOLLS,2287,5040,1938,944,370,,Sold,,,https://www.redfin.com/MD/Bethesda/113-S-Brook-Ln-20814/home/10647058,BRIGHT MLS,MDMC624516,N,Y,38.9918709,-77.1034567
PAST SALE,July-30-2019,Single Family Residential,11220 Troy Rd,Rockville,MD,20852,449000,3,2.0,RANDOLPH HILLS,1646,8538,1960,863,273,,Sold,,,https://www.redfin.com/MD/Rockville/11220-Troy-Rd-20852/home/10503400,BRIGHT MLS,MDMC661564,N,Y,39.038473,-77.0915816
PAST SALE,June-30-2017,Single Family Residential,11012 Schuylkill Rd,Rockville,MD,20852,395000,3,1.5,RANDOLPH HILLS,1088,7013,1961,1623,363,,Sold,,,https://www.redfin.com/MD/Rockville/11012-Schuylkill-Rd-20852/home/10502732,BRIGHT MLS,1002498985,N,Y,39.0362581,-77.0874291
PAST SALE,April-23-2019,Single Family Residential,2405 Westview Dr,Silver Spring,MD,20910,630000,4,2.5,CARROLL SPRINGS,2690,6016,2015,961,234,,Sold,,,https://www.redfin.com/MD/Silver-Spring/2405-Westview-Dr-20910/home/11055303,BRIGHT MLS,MDMC620186,N,Y,39.013007,-77.0506067
PAST SALE,April-6-2018,Single Family Residential,13505 Clear Morning Pl,Germantown,MD,20874,426867,4,2.5,CHURCHILL TOWN SECTOR,1604,7831,1985,1343,266,48,Sold,,,https://www.redfin.com/MD/Germantown/13505-Clear-Morning-Pl-20874/home/10493942,BRIGHT MLS,1004479123,N,Y,39.1984855,-77.281887
PAST SALE,July-26-2018,Single Family Residential,20404 Alderleaf Ter,Germantown,MD,20874,413000,4,3.0,CHURCHILL TOWN SECTOR,2090,7611,1983,1232,198,60,Sold,,,https://www.redfin.com/MD/Germantown/20404-Alderleaf-Ter-20874/home/10492168,BRIGHT MLS,1000464288,N,Y,39.1906792,-77.2702155
PAST SALE,September-17-2020,Single Family Residential,13828 Lullaby Rd,Germantown,MD,20874,558250,3,2.5,KINGSVIEW RIDGE,2624,6203,2002,448,213,69,Sold,,,https://www.redfin.com/MD/Germantown/13828-Lullaby-Rd-20874/home/11173428,BRIGHT MLS,MDMC720150,N,Y,39.1773001,-77.2848046
PAST SALE,October-20-2020,Single Family Residential,13826 Dovekie Ave,Clarksburg,MD,20871,600000,4,4.5,CABIN BRANCH,3920,3224,2018,415,153,105,Sold,,,https://www.redfin.com/MD/Clarksburg/13826-Dovekie-Ave-20871/home/166448055,BRIGHT MLS,MDMC717820,N,Y,39.217439,-77.2878034
PAST SALE,May-5-2020,Single Family Residential,7312 Trescott Ave,Takoma Park,MD,20912,539700,4,2.0,TAKOMA PARK,1795,5202,1940,583,301,,Sold,,,https://www.redfin.com/MD/Takoma-Park/7312-Trescott-Ave-20912/home/11147835,BRIGHT MLS,MDMC702214,N,Y,38.9830457,-76.9968196
PAST SALE,May-27-2021,Single Family Residential,2001 Wallace Ave,Silver Spring,MD,20902,577700,4,3.5,GLEN ALLEN,2345,10935,1993,196,246,,Sold,,,https://www.redfin.com/MD/Wheaton/2001-Wallace-Ave-20902/home/11140153,BRIGHT MLS,MDMC756122,N,Y,39.0595078,-77.0433359
PAST SALE,March-27-2020,Single Family Residential,17504 Lisa Dr,Derwood,MD,20855,525000,4,3.0,REDLAND KNOLLS,2836,22400,1964,622,185,,Sold,,,https://www.redfin.com/MD/Derwood/17504-Lisa-Dr-20855/home/10703400,BRIGHT MLS,MDMC693898,N,Y,39.144788,-77.141465
PAST SALE,July-30-2021,Single Family Residential,19509 Gallatin Ct,Montgomery Village,MD,20886,485000,3,2.0,STEDWICK,2124,8709,1972,132,228,121,Sold,,,https://www.redfin.com/MD/Montgomery-Village/19509-Gallatin-Ct-20886/home/10742413,BRIGHT MLS,MDMC2002414,N,Y,39.1752608,-77.2144457
PAST SALE,January-28-2020,Single Family Residential,14410 Foolish Pleasure,Boyds,MD,20841,650000,4,3.5,HOYLES MILL VILLAGE,4472,8624,2000,681,145,65,Sold,,,https://www.redfin.com/MD/Boyds/14410-Foolish-Pleasure-Rd-20841/home/11155216,BRIGHT MLS,MDMC682440,N,Y,39.155036,-77.2990329
PAST SALE,January-10-2020,Single Family Residential,1804 Billman Ln,Silver Spring,MD,20902,426000,4,2.5,GLENFIELD MANOR,2222,9105,1969,699,192,,Sold,,,https://www.redfin.com/MD/Silver-Spring/1804-Billman-Ln-20902/home/11087001,BRIGHT MLS,MDMC689690,N,Y,39.0630851,-77.0391979
PAST SALE,,Single Family Residential,3915 Isbell St,Silver Spring,MD,20906,440000,,3.0,,2128,7822,1954,,207,,,,,https://www.redfin.com/MD/Silver-Spring/3915-Isbell-St-20906/home/11038025,,,N,Y,39.0648263,-77.0774695
PAST SALE,March-24-2020,Single Family Residential,13512 Coachlamp Ln,Silver Spring,MD,20906,560000,4,2.5,MIDDLEBRIDGE,2380,10897,1988,625,235,79,Sold,,,https://www.redfin.com/MD/Silver-Spring/13512-Coachlamp-Ln-20906/home/11122509,BRIGHT MLS,MDMC695218,N,Y,39.075896,-77.0445503
PAST SALE,July-19-2019,Single Family Residential,19212 Walters Ave,Poolesville,MD,20837,435000,4,2.5,WESMOND,1658,22181,1972,874,262,,Sold,,,https://www.redfin.com/MD/Poolesville/19212-Walters-Ave-20837/home/10499980,BRIGHT MLS,MDMC652788,N,Y,39.1432637,-77.4023493
PAST SALE,October-16-2017,Single Family Residential,18316 Cattail Rd,Poolesville,MD,20837,541000,3,2.5,POOLESVILLE OUTSIDE,1800,121968,1930,1515,301,,Sold,,,https://www.redfin.com/MD/Poolesville/18316-Cattail-Rd-20837/home/10499303,BRIGHT MLS,1000159123,N,Y,39.1561813,-77.3909589
PAST SALE,September-22-2021,Single Family Residential,4416 Meanderwood Dr,Burtonsville,MD,20866,600000,4,3.5,SADDLE CREEK,3328,5368,1991,78,180,35,Sold,,,https://www.redfin.com/MD/Burtonsville/4416-Meanderwood-Dr-20866/home/10601563,BRIGHT MLS,MDMC2010052,N,Y,39.1011848,-76.9185249
PAST SALE,December-16-2019,Single Family Residential,11310 Gainsborough Rd,Potomac,MD,20854,680000,4,3.5,REGENCY ESTATES,2332,9000,1964,724,292,,Sold,,,https://www.redfin.com/MD/Rockville/11310-Gainsborough-Rd-20854/home/10506108,BRIGHT MLS,MDMC675310,N,Y,39.0451741,-77.1708008
PAST SALE,September-30-2021,Single Family Residential,2118 Coleridge Dr,Silver Spring,MD,20910,560000,4,3.0,FOREST GLEN KNOLLS,1985,5922,1959,70,282,,Sold,,,https://www.redfin.com/MD/Silver-Spring/2118-Coleridge-Dr-20910/home/11071034,BRIGHT MLS,MDMC2014708,N,Y,39.0139058,-77.045225
PAST SALE,,Single Family Residential,20303 Marketree Pl,Gaithersburg,MD,20886,480000,,3.5,,3434,4967,1992,,140,,,,,https://www.redfin.com/MD/Gaithersburg/20303-Marketree-Pl-20886/home/10487821,,,N,Y,39.1872889,-77.1734772
PAST SALE,September-10-2021,Single Family Residential,15204 Blackburn Rd,Burtonsville,MD,20866,551000,3,2.5,COLESVILLE OUTSIDE,2370,34224,1952,90,232,,Sold,,,https://www.redfin.com/MD/Burtonsville/15204-Blackburn-Rd-20866/home/10556382,BRIGHT MLS,MDMC2002640,N,Y,39.1058788,-76.934665
PAST SALE,July-31-2019,Single Family Residential,4716 Red Fox Rd,Rockville,MD,20852,470000,3,2.0,RANDOLPH HILLS,1482,6900,1954,862,317,,Sold,,,https://www.redfin.com/MD/Rockville/4716-Red-Fox-Rd-20852/home/10502773,BRIGHT MLS,MDMC667156,N,Y,39.0487454,-77.0954615
PAST SALE,January-21-2021,Single Family Residential,13515 Collingwood Ter,Silver Spring,MD,20904,473000,4,2.5,FAIRKNOLL,2175,10856,1966,322,217,,Sold,,,https://www.redfin.com/MD/Silver-Spring/13515-Collingwood-Ter-20904/home/10571152,BRIGHT MLS,MDMC737990,N,Y,39.077485,-76.978145
PAST SALE,November-30-2021,Single Family Residential,7515 Mattingly Ln,Gaithersburg,MD,20879,487000,3,3.5,HADLEY FARMS,2120,4100,1989,9,230,61,Sold,,,https://www.redfin.com/MD/Gaithersburg/7515-Mattingly-Ln-20879/home/10487626,BRIGHT MLS,MDMC2018290,N,Y,39.18492,-77.1583351
PAST SALE,March-5-2021,Single Family Residential,2602 Dennis Ave,Silver Spring,MD,20902,625000,4,2.0,CARROLL KNOLLS,1809,5506,1954,279,345,,Sold,,,https://www.redfin.com/MD/Silver-Spring/2602-Dennis-Ave-20902/home/10982676,BRIGHT MLS,MDMC741606,N,Y,39.024528,-77.0552546
PAST SALE,April-21-2021,Single Family Residential,18309 Dundonnell Way,Olney,MD,20832,860000,4,3.5,BARNSLEY MANOR ESTATES,4114,9375,2000,232,209,69,Sold,,,https://www.redfin.com/MD/Olney/18309-Dundonnell-Way-20832/home/10730239,BRIGHT MLS,MDMC747962,N,Y,39.1549228,-77.0995905
PAST SALE,July-30-2021,Single Family Residential,13912 Dowlais Dr,Rockville,MD,20853,511500,4,3.0,BEL PRE WOODS,1684,10725,1965,132,304,,Sold,,,https://www.redfin.com/MD/Rockville/13912-Dowlais-Dr-20853/home/11065754,BRIGHT MLS,MDMC2001804,N,Y,39.0856135,-77.0968481
PAST SALE,November-10-2021,Single Family Residential,14869 Dufief Dr,North Potomac,MD,20878,780000,3,2.5,WESTLEIGH,1856,11057,1976,29,420,16,Sold,,,https://www.redfin.com/MD/North-Potomac/14869-DuFief-Dr-20878/home/10610211,BRIGHT MLS,MDMC2018606,N,Y,39.0999343,-77.2324548
PAST SALE,January-20-2021,Single Family Residential,11917 Bayswater Rd,Gaithersburg,MD,20878,477000,3,2.5,QUINCE ORCHARD VALLEY,1092,10486,1969,323,437,,Sold,,,https://www.redfin.com/MD/Gaithersburg/11917-Bayswater-Rd-20878/home/10608269,BRIGHT MLS,MDMC729212,N,Y,39.1329412,-77.2468241
PAST SALE,August-31-2020,Single Family Residential,14300 Crazy Quilt Ct,Boyds,MD,20841,650000,4,2.5,KINGS CROSSING,3884,10563,2003,465,167,68,Sold,,,https://www.redfin.com/MD/Boyds/14300-Crazy-Quilt-Ct-20841/home/11179811,BRIGHT MLS,MDMC715252,N,Y,39.1610276,-77.3042167
PAST SALE,December-29-2020,Single Family Residential,11518 Mapleview Dr,Silver Spring,MD,20902,439000,3,2.0,CONNECTICUT GARDENS,1350,7086,1955,345,325,,Sold,,,https://www.redfin.com/MD/Silver-Spring/11518-Mapleview-Dr-20902/home/11025291,BRIGHT MLS,MDMC735424,N,Y,39.0458543,-77.0739622
PAST SALE,July-28-2020,Single Family Residential,13200 Magellan Ave,Rockville,MD,20853,477000,4,2.0,ASPEN HILL PARK,1466,8256,1957,499,325,,Sold,,,https://www.redfin.com/MD/Rockville/13200-Magellan-Ave-20853/home/11041019,BRIGHT MLS,MDMC713058,N,Y,39.0720361,-77.0928467
PAST SALE,July-8-2019,Single Family Residential,4702 Creek Shore Dr,Rockville,MD,20852,445000,3,2.0,RANDOLPH HILLS,2120,6540,1959,885,210,,Sold,,,https://www.redfin.com/MD/Rockville/4702-Creek-Shore-Dr-20852/home/10502822,BRIGHT MLS,MDMC661576,N,Y,39.0420626,-77.0945797
PAST SALE,October-15-2019,Single Family Residential,17600 Mill Creek Dr,Derwood,MD,20855,450000,4,3.0,MILL CREEK TOWNE,2560,18742,1967,786,176,,Sold,,,https://www.redfin.com/MD/Derwood/17600-Mill-Creek-Dr-20855/home/10736877,BRIGHT MLS,MDMC665852,N,Y,39.144165,-77.158879
PAST SALE,August-22-2018,Single Family Residential,5 Bargene Ct,Germantown,MD,20874,399000,3,3.0,CHURCHILL TOWN SECTOR,2080,3776,1984,1205,192,48,Sold,,,https://www.redfin.com/MD/Germantown/5-Bargene-Ct-20874/home/10492116,BRIGHT MLS,1001853346,N,Y,39.1919981,-77.2705746
PAST SALE,August-17-2018,Single Family Residential,16901 Longdraft Rd,Gaithersburg,MD,20878,374000,4,3.0,WEST RIDING,1920,12513,1975,1210,195,,Sold,,,https://www.redfin.com/MD/Gaithersburg/16901-Longdraft-Rd-20878/home/10759256,BRIGHT MLS,1001736142,N,Y,39.1334651,-77.2445117
PAST SALE,December-19-2019,Single Family Residential,24610 Woodfield Rd,Damascus,MD,20872,455000,3,2.0,DAMASCUS OUTSIDE,2564,41418,1925,721,177,,Sold,,,https://www.redfin.com/MD/Damascus/24610-Woodfield-Rd-20872/home/10928234,BRIGHT MLS,MDMC681518,N,Y,39.2605991,-77.2029793
PAST SALE,November-26-2018,Single Family Residential,10702 Lorain Ave,Silver Spring,MD,20901,405000,3,1.5,WOODMOOR,780,7221,1950,1109,519,,Sold,,,https://www.redfin.com/MD/Silver-Spring/10702-Lorain-Ave-20901/home/10979102,BRIGHT MLS,1009935940,N,Y,39.0259752,-77.0041086
PAST SALE,January-14-2021,Single Family Residential,22705 Broadway Ave,Clarksburg,MD,20871,638000,4,3.5,CLARKSBURG,3598,3925,2017,329,177,105,Sold,,,https://www.redfin.com/MD/Clarksburg/22705-Broadway-Ave-20871/home/112855120,BRIGHT MLS,MDMC732264,N,Y,39.224241,-77.2894457
PAST SALE,May-14-2021,Single Family Residential,18402 Broken Timber Way,Boyds,MD,20841,652888,3,3.0,KINGS CROSSING,2904,7846,2002,209,225,68,Sold,,,https://www.redfin.com/MD/Boyds/18402-Broken-Timber-Way-20841/home/11179463,BRIGHT MLS,MDMC748778,N,Y,39.1611488,-77.3007833
PAST SALE,September-27-2019,Single Family Residential,100 Carlisle Dr,Silver Spring,MD,20904,489000,4,3.0,SHERWOOD FOREST,2284,22172,1959,804,214,,Sold,,,https://www.redfin.com/MD/Silver-Spring/100-Carlisle-Dr-20904/home/10565909,BRIGHT MLS,MDMC674498,N,Y,39.0808076,-77.0110823
PAST SALE,December-21-2020,Single Family Residential,705 Venice Dr,Silver Spring,MD,20904,491000,4,3.0,SPRINGBROOK TERRACE,2800,14838,1956,353,175,,Sold,,,https://www.redfin.com/MD/Silver-Spring/705-Venice-Dr-20904/home/10570408,BRIGHT MLS,MDMC732268,N,Y,39.0615903,-76.9957847
PAST SALE,October-21-2019,Single Family Residential,407 Burnt Mills Ave,Silver Spring,MD,20901,460000,4,3.0,BURNT MILLS MANOR,2296,9120,1959,780,200,,Sold,,,https://www.redfin.com/MD/Silver-Spring/407-Burnt-Mills-Ave-20901/home/10562844,BRIGHT MLS,MDMC676988,N,Y,39.0365773,-77.0024214
PAST SALE,October-25-2018,Single Family Residential,120 Eastmoor Dr,Silver Spring,MD,20901,515000,3,1.5,WOODMOOR,1885,6257,1946,1141,273,,Sold,,,https://www.redfin.com/MD/Silver-Spring/120-Eastmoor-Dr-20901/home/10978082,BRIGHT MLS,1005978306,N,Y,39.0274988,-77.0051884
PAST SALE,October-25-2021,Single Family Residential,12012 Chestnut Glen Rd,Clarksburg,MD,20871,741000,4,4.5,GREENWAY VILLAGE,3798,6113,2005,45,195,83,Sold,,,https://www.redfin.com/MD/Clarksburg/12012-Chestnut-Glen-Rd-20871/home/11197298,BRIGHT MLS,MDMC2016876,N,Y,39.2361721,-77.2523469
PAST SALE,July-19-2021,Single Family Residential,24224 Preakness Dr,Damascus,MD,20872,500000,4,3.0,SWEEPSTAKES,1832,7434,1988,143,273,40,Sold,,,https://www.redfin.com/MD/Damascus/24224-Preakness-Dr-20872/home/10942537,BRIGHT MLS,MDMC764040,N,Y,39.2578029,-77.221991
PAST SALE,October-29-2020,Single Family Residential,8507 Glenville Rd,Takoma Park,MD,20912,495000,3,2.0,ROLLING TERRACE,1650,5940,1948,406,300,,Sold,,,https://www.redfin.com/MD/Takoma-Park/8507-Glenville-Rd-20912/home/11001136,BRIGHT MLS,MDMC725352,N,Y,38.9953379,-76.993839
PAST SALE,October-8-2021,Single Family Residential,19412 Penrod Ter,Germantown,MD,20874,650000,4,3.5,KINGSVIEW RIDGE,2908,11491,1996,62,224,46,Sold,,,https://www.redfin.com/MD/Germantown/19412-Penrod-Ter-20874/home/10497694,BRIGHT MLS,MDMC2014094,N,Y,39.1791736,-77.2912682
PAST SALE,January-22-2021,Single Family Residential,2244 Countryside Dr,Silver Spring,MD,20905,550000,4,3.0,COUNTRYSIDE,2288,13597,1971,321,240,,Sold,,,https://www.redfin.com/MD/Silver-Spring/2244-Countryside-Dr-20905/home/10577512,BRIGHT MLS,MDMC733508,N,Y,39.0864863,-76.9632934
PAST SALE,June-21-2019,Single Family Residential,400 Hinsdale Ct,Silver Spring,MD,20901,560000,3,2.5,HIGHLAND VIEW,1860,9815,1951,902,301,,Sold,,,https://www.redfin.com/MD/Silver-Spring/400-Hinsdale-Ct-20901/home/10958969,BRIGHT MLS,MDMC656794,N,Y,39.0035088,-77.0012674
PAST SALE,September-27-2021,Single Family Residential,4100 Elizabeth St,Rockville,MD,20853,500000,3,2.0,BROOKHAVEN,1800,8358,1959,73,278,,Sold,,,https://www.redfin.com/MD/Rockville/4100-Elizabeth-St-20853/home/11043823,BRIGHT MLS,MDMC2008550,N,Y,39.0715555,-77.0814264
PAST SALE,September-23-2021,Single Family Residential,4011 Prospect St,Kensington,MD,20895,957000,4,3.0,KENSINGTON,2545,16357,1909,77,376,,Sold,,,https://www.redfin.com/MD/Kensington/4011-Prospect-St-20895/home/10962474,BRIGHT MLS,MDMC2008798,N,Y,39.0247578,-77.0804822
PAST SALE,April-21-2021,Single Family Residential,813 Crothers Ln,Rockville,MD,20852,543000,4,2.0,HUNGERFORD,1330,7533,1955,232,408,,Sold,,,https://www.redfin.com/MD/Rockville/813-Crothers-Ln-20852/home/10511383,BRIGHT MLS,MDMC747268,N,Y,39.0752042,-77.146202
PAST SALE,October-27-2021,Single Family Residential,20910 Lochaven Ct,Gaithersburg,MD,20882,735000,4,3.0,GOSHEN ESTATES,2930,54133,1973,43,251,,Sold,,,https://www.redfin.com/MD/Gaithersburg/20910-Lochaven-Ct-20882/home/10483860,BRIGHT MLS,MDMC2016804,N,Y,39.1990101,-77.1800367
PAST SALE,December-28-2020,Single Family Residential,14404 Gaines Ave,Rockville,MD,20853,517600,4,2.5,BEL PRE WOODS,1835,13252,1961,346,282,,Sold,,,https://www.redfin.com/MD/Rockville/14404-Gaines-Ave-20853/home/11067766,BRIGHT MLS,MDMC735954,N,Y,39.0922976,-77.0865072
PAST SALE,March-27-2020,Single Family Residential,13221 Schubert Pl,Silver Spring,MD,20904,480000,4,2.5,TANGLEWOOD,2204,6883,1985,622,218,40,Sold,,,https://www.redfin.com/MD/Silver-Spring/13221-Schubert-Pl-20904/home/10584852,BRIGHT MLS,MDMC697794,N,Y,39.0744147,-76.9485749
PAST SALE,November-30-2020,Single Family Residential,1420 Peaceful Ln,Silver Spring,MD,20904,435000,4,2.5,PAINT BRANCH ESTS,1722,17190,1965,374,253,,Sold,,,https://www.redfin.com/MD/Silver-Spring/1420-Peaceful-Ln-20904/home/10567023,BRIGHT MLS,MDMC720972,N,Y,39.0672795,-76.98059
PAST SALE,June-4-2021,Single Family Residential,15350 Peach Orchard Rd,Silver Spring,MD,20905,630000,4,3.0,COLESVILLE OUTSIDE,2860,36674,1989,188,220,,Sold,,,https://www.redfin.com/MD/Silver-Spring/15350-Peach-Orchard-Rd-20905/home/10601291,BRIGHT MLS,MDMC752058,N,Y,39.1075151,-76.9645986
PAST SALE,June-15-2018,Single Family Residential,12319 Pissaro Dr,Gaithersburg,MD,20878,687000,4,3.5,QUINCE HAVEN,2641,13502,1993,1273,260,48,Sold,,,https://www.redfin.com/MD/North-Potomac/12319-Pissaro-Dr-20878/home/10627480,BRIGHT MLS,1001874336,N,Y,39.113371,-77.2587224
PAST SALE,May-14-2020,Single Family Residential,12000 Leatherbark Way,Germantown,MD,20874,530075,4,3.5,GUNNERS LAKE VILLAGE,2948,10242,1987,574,180,23,Sold,,,https://www.redfin.com/MD/Germantown/12000-Leatherbark-Way-20874/home/10843897,BRIGHT MLS,MDMC702746,N,Y,39.1675134,-77.2480364
PAST SALE,November-30-2020,Single Family Residential,14413 Sturtevant Rd,Silver Spring,MD,20905,506000,4,2.5,GUM SPRINGS FARM,2490,18721,1970,374,203,,Sold,,,https://www.redfin.com/MD/Silver-Spring/14413-Sturtevant-Rd-20905/home/10575441,BRIGHT MLS,MDMC730026,N,Y,39.092623,-76.9704944
PAST SALE,September-7-2020,Single Family Residential,17408 Macduff Ave,Olney,MD,20832,615000,4,3.5,CASHELL MANOR,2860,10400,1983,458,215,61,Sold,,,https://www.redfin.com/MD/Olney/17408-Macduff-Ave-20832/home/10716401,BRIGHT MLS,MDMC716156,N,Y,39.1420881,-77.0849785
PAST SALE,July-30-2020,Single Family Residential,19717 Webster Ct,Germantown,MD,20874,450000,4,3.0,CHURCHILL TOWN SECTOR,1909,10368,1978,497,236,106,Sold,,,https://www.redfin.com/MD/Germantown/19717-Webster-Ct-20874/home/10491058,BRIGHT MLS,MDMC710320,N,Y,39.1810622,-77.2862859
PAST SALE,April-19-2019,Single Family Residential,7320 Muncaster Mill Rd,Derwood,MD,20855,455000,4,3.5,MILL CREEK TOWNE,2428,15064,1965,965,187,,Sold,,,https://www.redfin.com/MD/Derwood/7320-Muncaster-Mill-Rd-20855/home/10737134,BRIGHT MLS,MDMC620740,N,Y,39.149829,-77.148791
PAST SALE,September-14-2018,Single Family Residential,1003 De Beck Dr,Rockville,MD,20851,340000,4,1.0,ROCKCREST,1122,5793,1941,1182,303,,Sold,,,https://www.redfin.com/MD/Rockville/1003-Debeck-Dr-20851/home/10513149,BRIGHT MLS,1002074022,N,Y,39.0766216,-77.1355958
PAST SALE,February-7-2020,Single Family Residential,5206 White Flint Dr,Kensington,MD,20895,680000,4,2.5,WHITE FLINT PARK,2082,9000,1957,671,327,,Sold,,,https://www.redfin.com/MD/Kensington/5206-White-Flint-Dr-20895/home/10504555,BRIGHT MLS,MDMC100335,N,Y,39.039445,-77.1058683
PAST SALE,May-22-2020,Single Family Residential,3003 Findley Rd,Kensington,MD,20895,465000,3,2.0,KENSINGTON HEIGHTS,2099,5314,1949,566,222,,Sold,,,https://www.redfin.com/MD/Kensington/3003-Findley-Rd-20895/home/11011981,BRIGHT MLS,MDMC701690,N,Y,39.0360789,-77.0615395
PAST SALE,November-13-2018,Single Family Residential,10205 Montgomery Ave,Kensington,MD,20895,753000,4,2.5,KENSINGTON,1304,12000,1951,1122,577,,Sold,,,https://www.redfin.com/MD/Kensington/10205-Montgomery-Ave-20895/home/10961781,BRIGHT MLS,1008348960,N,Y,39.022964,-77.0734226
PAST SALE,August-15-2019,Single Family Residential,10100 Hereford Pl,Silver Spring,MD,20901,524900,4,3.5,COUNTRY CLUB VIEW,2559,7217,1957,847,205,,Sold,,,https://www.redfin.com/MD/Silver-Spring/10100-Hereford-Pl-20901/home/10983989,BRIGHT MLS,MDMC665644,N,Y,39.0210245,-77.0209347
PAST SALE,July-23-2021,Single Family Residential,13401 Latrobe Ln,Clarksburg,MD,20871,710000,4,3.5,GATEWAY COMMONS,4120,5867,2012,139,172,136,Sold,,,https://www.redfin.com/MD/Clarksburg/13401-Latrobe-Ln-20871/home/40605522,BRIGHT MLS,MDMC762212,N,Y,39.2352762,-77.2767247
PAST SALE,,Single Family Residential,14201 N Gate Dr,Silver Spring,MD,20906,790000,,4.0,,4450,24906,1966,,178,,,,,https://www.redfin.com/MD/Silver-Spring/14201-N-Gate-Dr-20906/home/11080816,,,N,Y,39.0884069,-77.051031
PAST SALE,,Single Family Residential,3228 Beret Ln,Silver Spring,MD,20906,514900,,2.0,,1939,12910,1972,,266,,,,,https://www.redfin.com/MD/Silver-Spring/3228-Beret-Ln-20906/home/11086027,,,N,Y,39.0809256,-77.0661377
PAST SALE,August-13-2021,Single Family Residential,4814 Westway Dr,Bethesda,MD,20816,875000,3,2.0,CRESTVIEW,1300,5176,1949,118,673,,Sold,,,https://www.redfin.com/MD/Bethesda/4814-Westway-Dr-20816/home/10644749,BRIGHT MLS,MDMC2006832,N,Y,38.954867,-77.0976241
PAST SALE,October-21-2019,Single Family Residential,11600 Hourglass Way,Germantown,MD,20876,415000,4,3.0,WEXFORD,2137,6838,1987,780,194,60,Sold,,,https://www.redfin.com/MD/Germantown/11600-Hourglass-Way-20876/home/10820644,BRIGHT MLS,MDMC679488,N,Y,39.1985387,-77.2397744
PAST SALE,March-2-2020,Single Family Residential,10211 Colebrook Ave,Potomac,MD,20854,879000,4,2.5,BEDFORDSHIRE,2370,15336,1973,647,371,,Sold,,,https://www.redfin.com/MD/Potomac/10211-Colebrook-Ave-20854/home/10900969,BRIGHT MLS,MDMC690634,N,Y,39.041911,-77.210487
PAST SALE,December-4-2019,Single Family Residential,20512 Boland Farm Rd,Germantown,MD,20874,495000,4,3.0,CLARKSBURG OUTSIDE,2144,46173,1950,736,231,,Sold,,,https://www.redfin.com/MD/Germantown/20512-Boland-Farm-Rd-20876/unit-RA/home/10490604,BRIGHT MLS,MDMC665548,N,Y,39.1931263,-77.250259
PAST SALE,March-31-2020,Single Family Residential,12802 Marlow Pl,Silver Spring,MD,20904,475000,4,3.5,DEER PARK,1891,8509,1987,618,251,43,Sold,,,https://www.redfin.com/MD/Silver-Spring/12802-Marlow-Pl-20904/home/10597610,BRIGHT MLS,MDMC696564,N,Y,39.066595803,-76.95193123
PAST SALE,June-8-2021,Single Family Residential,1402 Kersey Ln,Potomac,MD,20854,860000,4,2.5,POTOMAC WOODS,2736,13249,1964,184,314,,Sold,,,https://www.redfin.com/MD/Rockville/1402-Kersey-Ln-20854/home/10512721,BRIGHT MLS,MDMC754264,N,Y,39.0654639,-77.1708713
PAST SALE,June-20-2019,Single Family Residential,4507 Cheltenham Dr,Bethesda,MD,20814,1025000,4,2.0,WESTBORO,2000,5087,1941,903,513,,Sold,,,https://www.redfin.com/MD/Bethesda/4507-Cheltenham-Dr-20814/home/10653981,BRIGHT MLS,MDMC658526,N,Y,38.9889567,-77.0896096
PAST SALE,August-23-2019,Single Family Residential,8905 Roundleaf Way,Gaithersburg,MD,20879,418000,4,2.5,HUNTERS WOODS,2252,13677,1980,839,186,,Sold,,,https://www.redfin.com/MD/Gaithersburg/8905-Roundleaf-Way-20879/home/10789169,BRIGHT MLS,MDMC665936,N,Y,39.1845888,-77.1840351
PAST SALE,November-19-2019,Single Family Residential,12109 Damson Dr,North Potomac,MD,20878,700000,4,3.5,QUINCE ORCHARD KNOLLS,5106,10378,1994,751,137,9,Sold,,,https://www.redfin.com/MD/North-Potomac/12109-Damson-Dr-20878/home/10628819,BRIGHT MLS,MDMC672576,N,Y,39.1025949,-77.2510448
PAST SALE,December-13-2019,Single Family Residential,12103 Dewey Rd,Silver Spring,MD,20906,330000,4,2.0,VEIRS MILL VILLAGE,1458,8061,1946,727,226,,Sold,,,https://www.redfin.com/MD/Silver-Spring/12103-Dewey-Rd-20906/home/11002842,BRIGHT MLS,MDMC685238,N,Y,39.0539166,-77.0890701
PAST SALE,August-16-2019,Single Family Residential,16820 Westbourne Ter,Gaithersburg,MD,20878,415000,3,3.0,QUINCE ORCHARD VALLEY,1562,11250,1969,846,266,,Sold,,,https://www.redfin.com/MD/Gaithersburg/16820-Westbourne-Ter-20878/home/10608534,BRIGHT MLS,MDMC666686,N,Y,39.1322596,-77.2493386
PAST SALE,November-26-2019,Single Family Residential,13402 Keating St,Rockville,MD,20853,370000,3,2.0,WHEATON WOODS,2040,7744,1953,744,181,,Sold,,,https://www.redfin.com/MD/Rockville/13402-Keating-St-20853/home/11033931,BRIGHT MLS,MDMC684026,N,Y,39.0762818,-77.0900142
PAST SALE,February-26-2020,Single Family Residential,6712 Applewood Pl,Rockville,MD,20855,824900,4,4.5,REDLAND KNOLLS,5988,27960,1989,652,138,44,Sold,,,https://www.redfin.com/MD/Rockville/6712-Applewood-Pl-20855/home/10723090,BRIGHT MLS,MDMC692012,N,Y,39.1441271,-77.1377172
PAST SALE,June-17-2021,Single Family Residential,11421 Heather Point Pl,Clarksburg,MD,20871,770000,4,4.5,CLARKSBURG VILLAGE,3540,9386,2014,175,218,84,Sold,,,https://www.redfin.com/MD/Clarksburg/11421-Heather-Point-Pl-20871/home/55202630,BRIGHT MLS,MDMC756640,N,Y,39.2272384,-77.2384272
PAST SALE,March-2-2021,Single Family Residential,19052 Mcfarlin Dr,Germantown,MD,20874,468500,3,3.0,GERMANTOWN ESTATES,1493,11590,1982,282,314,44,Sold,,,https://www.redfin.com/MD/Germantown/19052-McFarlin-Dr-20874/home/10491684,BRIGHT MLS,MDMC741000,N,Y,39.1669435,-77.278655
PAST SALE,October-12-2018,Single Family Residential,2 Beechvue Ct,Silver Spring,MD,20906,465000,4,3.0,STRATHMORE AT BEL PRE,2435,18081,1972,1154,191,,Sold,,,https://www.redfin.com/MD/Silver-Spring/2-Beechvue-Ct-20906/home/11085367,BRIGHT MLS,1002343892,N,Y,39.0873422,-77.0608334
PAST SALE,July-9-2019,Single Family Residential,205 Rolling Rd,Gaithersburg,MD,20877,425000,4,3.0,DEER PARK,1934,10714,1964,884,220,,Sold,,,https://www.redfin.com/MD/Gaithersburg/205-Rolling-Rd-20877/home/10749159,BRIGHT MLS,MDMC663438,N,Y,39.1395574,-77.1864611
PAST SALE,April-26-2021,Single Family Residential,12510 Holdridge Rd,Silver Spring,MD,20906,383000,3,1.0,GLENMONT HILLS & HGTS,910,7114,1949,227,421,,Sold,,,https://www.redfin.com/MD/Silver-Spring/12510-Holdridge-Rd-20906/home/11009486,BRIGHT MLS,MDMC749810,N,Y,39.0622433,-77.0580429
PAST SALE,August-1-2019,Single Family Residential,12111 Livingston St,Silver Spring,MD,20902,395000,4,2.0,KINGSWELL SUB,1990,5291,1955,861,198,,Sold,,,https://www.redfin.com/MD/Silver-Spring/12111-Livingston-St-20902/home/11051724,BRIGHT MLS,MDMC664832,N,Y,39.0543879,-77.0593921
PAST SALE,August-23-2019,Single Family Residential,23316 Robin Song Dr,Clarksburg,MD,20871,589000,4,3.5,CLARKSBURG VILLAGE,3872,8687,2010,839,152,83,Sold,,,https://www.redfin.com/MD/Clarksburg/23316-Robin-Song-Dr-20871/home/28476601,BRIGHT MLS,MDMC671316,N,Y,39.2411802,-77.263661
PAST SALE,December-6-2019,Single Family Residential,1520 Winding Waye Ln,Silver Spring,MD,20902,465000,3,2.5,GLENFIELD MANOR,1844,8999,1970,734,252,,Sold,,,https://www.redfin.com/MD/Silver-Spring/1520-Winding-Waye-Ln-20902/home/11086634,BRIGHT MLS,MDMC684024,N,Y,39.0608602,-77.0368589
PAST SALE,November-16-2020,Single Family Residential,8574 Brickyard Rd,Potomac,MD,20854,1150000,4,3.5,FAWCETT FARMS,4600,30227,1973,388,250,,Sold,,,https://www.redfin.com/MD/Rockville/8574-Brickyard-Rd-20854/home/10887144,BRIGHT MLS,MDMC721588,N,Y,38.9945672,-77.2195829
PAST SALE,November-12-2021,Single Family Residential,5505 Manorfield Rd,Rockville,MD,20853,616500,3,3.0,ROCK CREEK MANOR,1825,10208,1968,27,338,,Sold,,,https://www.redfin.com/MD/Rockville/5505-Manorfield-Rd-20853/home/11075916,BRIGHT MLS,MDMC2000985,N,Y,39.0911825,-77.1111889
PAST SALE,November-12-2021,Single Family Residential,2603 Hershfield Ct,Silver Spring,MD,20904,684000,4,3.5,DEER PARK,3105,7643,1992,27,220,35,Sold,,,https://www.redfin.com/MD/Silver-Spring/2603-Hershfield-Ct-20904/home/10603180,BRIGHT MLS,MDMC2018988,N,Y,39.0653586,-76.9553492
PAST SALE,November-15-2021,Single Family Residential,4123 Warner,Kensington,MD,20895,835000,4,3.5,WARNERS ADD KENSINGTON,1808,5963,1949,24,462,,Sold,,,https://www.redfin.com/MD/Kensington/4123-Warner-St-20895/home/11073851,BRIGHT MLS,MDMC2018964,N,Y,39.0283144,-77.0821908
PAST SALE,December-2-2021,Single Family Residential,14621 Gallant Fox Ln,North Potomac,MD,20878,803500,4,3.5,POTOMAC CHASE,3092,14080,1980,7,260,,Sold,,,https://www.redfin.com/MD/North-Potomac/14621-Gallant-Fox-Ln-20878/home/10613454,BRIGHT MLS,MDMC2000425,N,Y,39.0968531,-77.2610121
PAST SALE,November-15-2019,Single Family Residential,219 Dale Dr,Silver Spring,MD,20910,494000,4,2.0,SLIGO PARK HILLS,1960,7426,1945,755,252,,Sold,,,https://www.redfin.com/MD/Silver-Spring/219-Dale-Dr-20910/home/10968384,BRIGHT MLS,MDMC677546,N,Y,38.9965846,-77.0127469
PAST SALE,December-3-2021,Single Family Residential,9 Colebrook Ct,Potomac,MD,20854,930000,4,2.5,BEDFORDSHIRE,2114,14877,1973,6,440,,Sold,,,https://www.redfin.com/MD/Rockville/9-Colebrook-Ct-20854/home/10900953,BRIGHT MLS,MDMC2020140,N,Y,39.0416202,-77.2115253
PAST SALE,July-10-2020,Single Family Residential,3008 Dubarry Ln,Brookeville,MD,20833,525000,4,2.5,BROOKVILLE KNOLLS,2170,11225,1969,517,242,,Sold,,,https://www.redfin.com/MD/Brookeville/3008-Dubarry-Ln-20833/home/10710616,BRIGHT MLS,MDMC703912,N,Y,39.1715455,-77.0614608
PAST SALE,March-10-2020,Single Family Residential,10104 Gravier Ct,Gaithersburg,MD,20879,465000,4,3.5,FAIRIDGE,2692,11246,1976,639,173,126,Sold,,,https://www.redfin.com/MD/Gaithersburg/10104-Gravier-Ct-20886/home/10758278,BRIGHT MLS,MDMC694126,N,Y,39.1825919,-77.2077533
PAST SALE,June-23-2021,Single Family Residential,15245 Briarcliff Manor Way,Burtonsville,MD,20866,810000,4,4.5,BRIAR CLIFF MANOR WEST,5008,23686,2001,169,162,44,Sold,,,https://www.redfin.com/MD/Burtonsville/15245-Briarcliff-Manor-Way-20866/home/10605675,BRIGHT MLS,MDMC760588,N,Y,39.1048106,-76.9474496
PAST SALE,August-9-2021,Single Family Residential,8703 Postoak Rd,Potomac,MD,20854,800000,4,2.5,HIGHLAND STONE,3432,9185,1966,122,233,,Sold,,,https://www.redfin.com/MD/Rockville/8703-Postoak-Rd-20854/home/10507533,BRIGHT MLS,MDMC2000574,N,Y,39.0498099,-77.1784643
PAST SALE,November-5-2021,Single Family Residential,10327 Parkman Rd,Silver Spring,MD,20903,675000,4,2.5,HILLANDALE,2377,24234,1941,34,284,,Sold,,,https://www.redfin.com/MD/Silver-Spring/10327-Parkman-Rd-20903/home/10559457,BRIGHT MLS,MDMC2017890,N,Y,39.0257954,-76.9840852
PAST SALE,May-7-2021,Single Family Residential,11008 Cone Ln,Silver Spring,MD,20902,560000,4,2.0,WHEATON FOREST,2030,5520,1952,216,276,,Sold,,,https://www.redfin.com/MD/Silver-Spring/11008-Cone-Ln-20902/home/11031804,BRIGHT MLS,MDMC750172,N,Y,39.0374336,-77.0457198
PAST SALE,November-4-2021,Single Family Residential,11 Cleveland Ave,Takoma Park,MD,20912,1095000,3,2.0,TAKOMA PARK,2045,2045,1923,35,535,,Sold,,,https://www.redfin.com/MD/Takoma-Park/11-Cleveland-Ave-20912/home/10974691,BRIGHT MLS,MDMC2015786,N,Y,38.9821263,-77.0169084
PAST SALE,April-2-2021,Single Family Residential,7901 Charleston Ct,Bethesda,MD,20817,1099777,4,2.5,ASHLEIGH,2920,20103,1964,251,377,,Sold,,,https://www.redfin.com/MD/Bethesda/7901-Charleston-Ct-20817/home/10888287,BRIGHT MLS,MDMC744760,N,Y,39.0172197,-77.1610311
PAST SALE,December-18-2019,Single Family Residential,12802 Big Horn Dr,Silver Spring,MD,20904,565000,4,3.5,CROSS CREEK CLUB,3730,8414,2001,722,151,63,Sold,,,https://www.redfin.com/MD/Silver-Spring/12802-Big-Horn-Dr-20904/home/11159566,BRIGHT MLS,MDMC677232,N,Y,39.0656554,-76.939797
PAST SALE,September-17-2021,Single Family Residential,307 Hillmoor Dr,Silver Spring,MD,20901,925000,4,4.0,WOODMOOR,3832,7000,1939,83,241,,Sold,,,https://www.redfin.com/MD/Silver-Spring/307-Hillmoor-Dr-20901/home/10977978,BRIGHT MLS,MDMC2009632,N,Y,39.0228766,-77.0043336
PAST SALE,June-20-2019,Single Family Residential,315 Woonsockett Ln,Silver Spring,MD,20905,710000,4,3.5,STONEGATE,5102,11437,2001,903,139,23,Sold,,,https://www.redfin.com/MD/Silver-Spring/315-Woonsockett-Ln-20905/home/10604995,BRIGHT MLS,MDMC650906,N,Y,39.0979217,-77.0106324
PAST SALE,August-8-2017,Single Family Residential,12704 Hammonton Rd,Silver Spring,MD,20904,525000,4,2.5,NORTH SPRINGBROOK,3332,25323,1967,1584,158,,Sold,,,https://www.redfin.com/MD/Silver-Spring/12704-Hammonton-Rd-20904/home/10569338,BRIGHT MLS,1002516049,N,Y,39.065325,-77.014931
PAST SALE,June-30-2017,Single Family Residential,15516 Peach Leaf Ln,North Potomac,MD,20878,500000,3,2.5,QUINCE ORCHARD KNOLLS,1822,11696,1976,1623,274,,Sold,,,https://www.redfin.com/MD/North-Potomac/15516-Peach-Leaf-Ln-20878/home/10608895,BRIGHT MLS,1002522861,N,Y,39.110086,-77.2489345
PAST SALE,,Single Family Residential,4214 Sugar Pine Ct,Burtonsville,MD,20866,360000,,3.5,,2458,4341,1985,,146,,,,,https://www.redfin.com/MD/Burtonsville/4214-Sugar-Pine-Ct-20866/home/10592702,,,N,Y,39.1032362,-76.9219692
PAST SALE,April-23-2018,Single Family Residential,15436 Narcissus Way,Rockville,MD,20853,649000,4,2.5,FLOWER VALLEY,2296,22560,1984,1326,283,,Sold,,,https://www.redfin.com/MD/Rockville/15436-Narcissus-Way-20853/home/10716933,BRIGHT MLS,1000243542,N,Y,39.1083722,-77.0967582
PAST SALE,February-11-2019,Single Family Residential,208 Rabbitt Rd,Gaithersburg,MD,20878,555500,4,3.5,PHEASANT RUN,2980,12104,1981,1032,186,,Sold,,,https://www.redfin.com/MD/Gaithersburg/208-Rabbitt-Rd-20878/home/10796843,BRIGHT MLS,MDMC486986,N,Y,39.1429886,-77.234251
PAST SALE,May-24-2018,Single Family Residential,9624 Dilston Rd,Silver Spring,MD,20903,390000,3,1.5,OAKVIEW,1584,6600,1949,1295,246,,Sold,,,https://www.redfin.com/MD/Silver-Spring/9624-Dilston-Rd-20903/home/10561260,BRIGHT MLS,1000383688,N,Y,39.017496,-76.984137
PAST SALE,June-25-2018,Single Family Residential,310 Southwest Dr,Silver Spring,MD,20901,487000,4,3.0,BURNT MILLS GAR-VILL,2579,16942,1954,1263,189,,Sold,,,https://www.redfin.com/MD/Silver-Spring/310-Southwest-Dr-20901/home/10560729,BRIGHT MLS,1000868580,N,Y,39.038305,-77.0044236
PAST SALE,February-1-2019,Single Family Residential,15105 Cedar Tree Dr,Burtonsville,MD,20866,419900,4,2.5,VALLEY STREAM ESTATES,2325,5678,1984,1042,181,46,Sold,,,https://www.redfin.com/MD/Burtonsville/15105-Cedar-Tree-Dr-20866/home/10592690,BRIGHT MLS,1002275888,N,Y,39.1039447,-76.9223969
PAST SALE,August-20-2018,Single Family Residential,6711 Applewood Pl,Rockville,MD,20855,770000,4,3.5,REDLAND KNOLLS,4192,25773,1989,1207,184,43,Sold,,,https://www.redfin.com/MD/Rockville/6711-Applewood-Pl-20855/home/10723112,BRIGHT MLS,1000314262,N,Y,39.1445038,-77.1368038
PAST SALE,February-28-2019,Single Family Residential,804 Crothers Ln,Rockville,MD,20852,505000,4,2.0,HUNGERFORD,1376,7684,1955,1015,367,,Sold,,,https://www.redfin.com/MD/Rockville/804-Crothers-Ln-20852/home/10511513,BRIGHT MLS,MDMC488034,N,Y,39.0757599,-77.1468761
PAST SALE,January-12-2017,Single Family Residential,402 Mercer Rd,Rockville,MD,20852,465000,4,2.5,HUNGERFORD,1916,7276,1955,1792,243,,Sold,,,https://www.redfin.com/MD/Rockville/402-Mercer-Rd-20852/home/10511614,BRIGHT MLS,1002468749,N,Y,39.0761753,-77.1470109
PAST SALE,December-30-2016,Single Family Residential,206 Franklin Ave,Silver Spring,MD,20901,451350,3,2.0,SEVEN OAKS,1290,5790,1936,1805,350,,Sold,,,https://www.redfin.com/MD/Silver-Spring/206-Franklin-Ave-20901/home/10966550,BRIGHT MLS,1002470693,N,Y,39.0090658,-77.0132868
PAST SALE,June-24-2019,Single Family Residential,2824 Lindell St,Silver Spring,MD,20902,447000,4,3.0,GLENMONT FOREST,1652,8762,1949,899,271,,Sold,,,https://www.redfin.com/MD/Wheaton/2824-Lindell-St-20902/home/10987880,BRIGHT MLS,MDMC655422,N,Y,39.057073,-77.0605726
PAST SALE,March-2-2018,Single Family Residential,1622 Forbes St,Rockville,MD,20851,450000,3,2.0,TWINBROOK FOREST,1204,6600,1958,1378,374,,Sold,,,https://www.redfin.com/MD/Rockville/1622-Forbes-St-20851/home/10515920,BRIGHT MLS,1000133030,N,Y,39.0816252,-77.1162684
PAST SALE,June-18-2019,Single Family Residential,10410 Vogel Pl,Kensington,MD,20895,635000,3,1.0,KENSINGTON ESTATES,1536,6110,1950,905,413,,Sold,,,https://www.redfin.com/MD/Kensington/10410-Vogel-Pl-20895/home/11012377,BRIGHT MLS,MDMC657558,N,Y,39.0262976,-77.0834948
PAST SALE,April-30-2019,Single Family Residential,226 Springloch Rd,Silver Spring,MD,20904,495000,4,3.0,NORTH SPRINGBROOK,2835,23844,1966,954,175,,Sold,,,https://www.redfin.com/MD/Silver-Spring/226-Springloch-Rd-20904/home/10569464,BRIGHT MLS,MDMC624298,N,Y,39.0656913,-77.0156463
PAST SALE,May-10-2019,Single Family Residential,15400 Valencia St,Silver Spring,MD,20905,418000,4,2.0,GOOD HOPE ESTATES,1748,12300,1972,944,239,,Sold,,,https://www.redfin.com/MD/Silver-Spring/15400-Valencia-St-20905/home/10576533,BRIGHT MLS,MDMC619310,N,Y,39.1082037,-76.9853704
