SALE TYPE,SOLD DATE,PROPERTY TYPE,ADDRESS,CITY,STATE OR PROVINCE,ZIP OR POSTAL CODE,PRICE,BEDS,BATHS,LOCATION,SQUARE FEET,LOT SIZE,YEAR BUILT,DAYS ON MARKET,$/SQUARE FEET,HOA/MONTH,STATUS,NEXT OPEN HOUSE START TIME,NEXT OPEN HOUSE END TIME,URL (SEE https://www.redfin.com/buy-a-home/comparative-market-analysis FOR INFO ON PRICING),SOURCE,MLS#,FAVORITE,INTERESTED,LATITUDE,LONGITUDE
MLS Listing,,Townhouse,3608 Elkader Rd,Baltimore,MD,21218,264900,3,2.0,Ward 9,1784,1260,1931,24,148,,Active,December-5-2021 08:00 AM,December-5-2021 08:00 PM,https://www.redfin.com/MD/Baltimore/3608-Elkader-Rd-21218/home/10824097,BRIGHT MLS,MDBA2017848,N,Y,39.3323256,-76.603079
PAST SALE,,Townhouse,304 E 31st St,Baltimore,MD,21218,280000,,2.0,,1630,2385,1918,,172,,,,,https://www.redfin.com/MD/Baltimore/304-E-31st-St-21218/home/10855098,,,N,Y,39.3261636,-76.6127156
PAST SALE,September-30-2019,Single Family Residential,9 Charlcote Pl,Baltimore,MD,21218,850000,5,3.5,GUILFORD,3153,39217,1920,797,270,42,Sold,,,https://www.redfin.com/MD/Baltimore/9-Charlcote-Pl-21218/home/11209663,BRIGHT MLS,MDBA477004,N,Y,39.3446621,-76.6186394
PAST SALE,September-20-2021,Multi-Family (2-4 Unit),2615 N Calvert St,Baltimore,MD,21218,360000,,,Ward 12,2216,2413,1900,76,162,,Sold,,,https://www.redfin.com/MD/Baltimore/2615-N-Calvert-St-21218/home/10847694,BRIGHT MLS,MDBA2008988,N,Y,39.3199075,-76.6140471
PAST SALE,,Single Family Residential,3807 Greenmount Ave,Baltimore,MD,21218,171000,,2.0,,1440,4941,1949,,119,,,,,https://www.redfin.com/MD/Baltimore/3807-Greenmount-Ave-21218/home/10803427,,,N,Y,39.3361061,-76.6091161
PAST SALE,June-5-2020,Townhouse,3904 Kimble Rd,Baltimore,MD,21218,173500,3,2.0,Ward 9,1500,,1943,548,116,,Sold,,,https://www.redfin.com/MD/Baltimore/3904-Kimble-Rd-21218/home/10826353,BRIGHT MLS,MDBA499846,N,Y,39.3354022,-76.6012961
PAST SALE,,Townhouse,4200 Kelway Rd,Baltimore,MD,21218,180000,,2.0,,1580,4900,1938,,114,,,,,https://www.redfin.com/MD/Baltimore/4200-Kelway-Rd-21218/home/11191712,,,N,Y,39.3411839,-76.5950637
PAST SALE,June-4-2019,Townhouse,1513 Roundhill Rd,Baltimore,MD,21218,183000,3,2.5,NORTHWOOD,1508,2479,1940,915,121,1,Sold,,,https://www.redfin.com/MD/Baltimore/1513-Roundhill-Rd-21218/home/10829118,BRIGHT MLS,MDBA465950,N,Y,39.3376006,-76.5929342
PAST SALE,January-3-2020,Townhouse,223 E 33rd St,Baltimore,MD,21218,255000,5,2.0,BALTIMORE CITY,2174,,1918,702,117,,Sold,,,https://www.redfin.com/MD/Baltimore/223-E-33rd-St-21218/home/10854509,BRIGHT MLS,MDBA490926,N,Y,39.3279046,-76.6139004
PAST SALE,April-2-2021,Townhouse,1831 E 29th St,Baltimore,MD,21218,126500,4,2.0,Ward 9,1200,7841,1922,247,105,,Sold,,,https://www.redfin.com/MD/Baltimore/1831-E-29th-St-21218/home/10820556,BRIGHT MLS,MDBA537330,N,Y,39.324395,-76.5894689
PAST SALE,October-10-2019,Townhouse,1553 Northwick Rd,Baltimore,MD,21218,160000,3,2.5,NORTHWOOD,1800,2320,1941,787,89,,Sold,,,https://www.redfin.com/MD/Baltimore/1553-Northwick-Rd-21218/home/11146462,BRIGHT MLS,MDBA477492,N,Y,39.343313,-76.589692
PAST SALE,May-12-2021,Townhouse,906 Mckewin Ave,Baltimore,MD,21218,225000,3,1.5,Ward 9,1220,,1931,207,184,,Sold,,,https://www.redfin.com/MD/Baltimore/906-McKewin-Ave-21218/home/10824139,BRIGHT MLS,MDBA545180,N,Y,39.3328464,-76.6035625
PAST SALE,October-8-2021,Condo/Co-op,3201 Saint Paul St #218,Baltimore,MD,21218,330000,2,2.0,Ward 12,1372,,2007,58,241,309,Sold,,,https://www.redfin.com/MD/Baltimore/3201-St-Paul-St-21218/unit-218/home/23462861,BRIGHT MLS,MDBA2009580,N,Y,39.3276611,-76.615726
PAST SALE,February-13-2020,Townhouse,617 Mckewin Ave,Baltimore,MD,21218,138501,4,2.0,Ward 9,1631,,1923,661,85,,Sold,,,https://www.redfin.com/MD/Baltimore/617-McKewin-Ave-21218/home/10823384,BRIGHT MLS,MDBA491852,N,Y,39.3327882,-76.6068706
PAST SALE,,Condo/Co-op,3201 St Paul St #108,Baltimore,MD,21218,360000,,,,2368,,2007,,152,,,,,https://www.redfin.com/MD/Baltimore/3201-St-Paul-St-21218/unit-108/home/11892559,,,N,Y,39.3276611,-76.615726
PAST SALE,July-8-2019,Single Family Residential,3037 Barclay St,Baltimore,MD,21218,185000,2,1.5,CHARLES VILLAGE,994,2000,1875,881,186,,Sold,,,https://www.redfin.com/MD/Baltimore/3037-Barclay-St-21218/home/10854608,BRIGHT MLS,MDBA471442,N,Y,39.3255641,-76.6108199
PAST SALE,,Townhouse,1530 Roundhill Rd,Baltimore,MD,21218,245000,,3.0,,1752,2784,1941,,140,,,,,https://www.redfin.com/MD/Baltimore/1530-Roundhill-Rd-21218/home/11839320,,,N,Y,39.3380999,-76.5920988
PAST SALE,November-15-2021,Single Family Residential,3416 Harford Rd,Baltimore,MD,21218,310000,2,2.0,Ward 9,1700,5600,1920,20,182,,Sold,,,https://www.redfin.com/MD/Baltimore/3416-Harford-Rd-21218/home/10821144,BRIGHT MLS,MDBA2012722,N,Y,39.3296349,-76.5822782
PAST SALE,,Townhouse,4 Chancery Sq,Baltimore,MD,21218,572500,,4.5,,3024,9148,1920,,189,,,,,https://www.redfin.com/MD/Baltimore/4-Chancery-Sq-21218/home/10851485,,,N,Y,39.3342405,-76.6115534
PAST SALE,,Townhouse,3213 N Calvert St,Baltimore,MD,21218,325000,,1.0,,1620,2180,1924,,201,,,,,https://www.redfin.com/MD/Baltimore/3213-N-Calvert-St-21218/home/10854569,,,N,Y,39.3274746,-76.6145661
PAST SALE,,Townhouse,304 Whitridge Ave,Baltimore,MD,21218,200000,,1.5,,1232,1037,1915,,162,,,,,https://www.redfin.com/MD/Baltimore/304-Whitridge-Ave-21218/home/10849247,,,N,Y,39.3216524,-76.6124096
PAST SALE,June-5-2019,Townhouse,3011 Saint Paul St,Baltimore,MD,21218,425000,4,3.5,CHARLES VILLAGE,2992,,1900,914,142,,Sold,,,https://www.redfin.com/MD/Baltimore/3011-St-Paul-St-21218/home/10853483,BRIGHT MLS,MDBA439626,N,Y,39.3248972,-76.6155139
PAST SALE,May-21-2021,Townhouse,330 Whitridge Ave,Baltimore,MD,21218,199900,2,2.0,Ward 12,1632,,1915,198,122,,Sold,,,https://www.redfin.com/MD/Baltimore/330-Whitridge-Ave-21218/home/10849222,BRIGHT MLS,MDBA546746,N,Y,39.3216816,-76.6117761
PAST SALE,May-28-2021,Townhouse,2722 Guilford Ave,Baltimore,MD,21218,330000,3,2.0,Ward 12,2464,,1920,191,134,,Sold,,,https://www.redfin.com/MD/Baltimore/2722-Guilford-Ave-21218/home/10848025,BRIGHT MLS,MDBA547890,N,Y,39.3214042,-76.6133926
PAST SALE,November-22-2021,Townhouse,1531 Ralworth,Baltimore,MD,21218,230000,3,1.5,Ward 9,1728,,1939,13,133,,Sold,,,https://www.redfin.com/MD/Baltimore/1531-Ralworth-Rd-21218/home/10826943,BRIGHT MLS,MDBA2000789,N,Y,39.339114,-76.592006
PAST SALE,,Condo/Co-op,3201 St Paul St #109,Baltimore,MD,21218,325000,,,,1417,,2007,,229,,,,,https://www.redfin.com/MD/Baltimore/3201-St-Paul-St-21218/unit-109/home/11892560,,,N,Y,39.3276611,-76.615726
PAST SALE,,Townhouse,3201 Abell Ave,Baltimore,MD,21218,260000,,2.0,,1980,1485,1900,,131,,,,,https://www.redfin.com/MD/Baltimore/3201-Abell-Ave-21218/home/10855382,,,N,Y,39.3271958,-76.6118355
PAST SALE,November-30-2021,Townhouse,1509 Oakridge Rd,Baltimore,MD,21218,239900,4,2.0,Ward 9,1760,,1951,5,136,,Sold,,,https://www.redfin.com/MD/Baltimore/1509-Oakridge-Rd-21218/home/10828506,BRIGHT MLS,MDBA2000863,N,Y,39.332902,-76.594091
PAST SALE,,Townhouse,1532 Windemere Ave,Baltimore,MD,21218,185000,,1.0,,1200,3150,1938,,154,,,,,https://www.redfin.com/MD/Baltimore/1532-Windemere-Ave-21218/home/10822055,,,N,Y,39.3303383,-76.5927809
MLS Listing,,Townhouse,515 E 22nd St,Baltimore,MD,21218,315000,3,2.5,Ward 9,3300,1350,1920,1,95,,Active,December-11-2021 12:00 PM,December-11-2021 02:00 PM,https://www.redfin.com/MD/Baltimore/515-E-22nd-St-21218/home/10808886,BRIGHT MLS,MDBA2020006,N,Y,39.3143825,-76.6089355
MLS Listing,,Townhouse,521 E 21st St,Baltimore,MD,21218,259999,4,2.5,BALTIMORE CITY,2800,1306,1920,1,93,,Active,,,https://www.redfin.com/MD/Baltimore/521-E-21st-St-21218/home/10809964,BRIGHT MLS,MDBA2020804,N,Y,39.313339,-76.608824
MLS Listing,,Townhouse,1132 Montpelier St,Baltimore,MD,21218,99900,3,1.5,Ward 9,1260,1000,1920,1,79,,Active,,,https://www.redfin.com/MD/Baltimore/1132-Montpelier-St-21218/home/10807502,BRIGHT MLS,MDBA2020796,N,Y,39.3242626,-76.6024243
MLS Listing,,Single Family Residential,1206 Argonne Dr,Baltimore,MD,21218,475000,4,3.0,Ward 27,3498,7954,1940,2,136,5,Active,,,https://www.redfin.com/MD/Baltimore/1206-Argonne-Dr-21218/home/11191573,BRIGHT MLS,MDBA2020680,N,Y,39.3394289,-76.596658
MLS Listing,,Townhouse,1522 Homestead St,Baltimore,MD,21218,175000,3,1.5,Ward 9,950,,1940,3,184,,Active,,,https://www.redfin.com/MD/Baltimore/1522-Homestead-St-21218/home/10815987,BRIGHT MLS,MDBA2020200,N,Y,39.3219453,-76.5968871
MLS Listing,,Townhouse,3603 Loch Raven Blvd,Baltimore,MD,21218,150000,3,1.5,Ward 9,1240,2802,1952,5,121,,Active,,,https://www.redfin.com/MD/Baltimore/3603-Loch-Raven-Blvd-21218/home/10825229,BRIGHT MLS,MDBA2019564,N,Y,39.3322252,-76.5974362
MLS Listing,,Townhouse,1513 Oakridge Rd E,Baltimore,MD,21218,204900,3,2.0,Ward 9,1280,,1951,5,160,,Active,,,https://www.redfin.com/MD/Baltimore/1513-Oakridge-Rd-21218/home/10828510,BRIGHT MLS,MDBA2020010,N,Y,39.3329347,-76.5939178
MLS Listing,,Townhouse,3824 Rexmere Rd,Baltimore,MD,21218,195000,3,2.0,Ward 9,1200,,1947,6,163,,Active,,,https://www.redfin.com/MD/Baltimore/3824-Rexmere-Rd-21218/home/10826509,BRIGHT MLS,MDBA2019806,N,Y,39.3348672,-76.6022553
MLS Listing,,Single Family Residential,1103 Argonne Dr,Baltimore,MD,21218,395000,3,3.5,Ward 9,2260,7144,1937,7,175,5,Active,December-5-2021 01:00 PM,December-5-2021 03:00 PM,https://www.redfin.com/MD/Baltimore/1103-Argonne-Dr-21218/home/10827865,BRIGHT MLS,MDBA2018972,N,Y,39.3391012,-76.598283
MLS Listing,,Townhouse,3315 Saint Paul St,Baltimore,MD,21218,299900,3,1.5,Ward 12,1380,2300,1928,8,217,,Active,,,https://www.redfin.com/MD/Baltimore/3315-St-Paul-St-21218/home/10854396,BRIGHT MLS,MDBA2019758,N,Y,39.3287463,-76.6157396
MLS Listing,,Townhouse,453 E Lorraine Ave,Baltimore,MD,21218,185000,3,1.5,Ward 12,1344,,1900,8,138,,Active,,,https://www.redfin.com/MD/Baltimore/453-E-Lorraine-Ave-21218/home/10848725,BRIGHT MLS,MDBA2019690,N,Y,39.3199061,-76.6096578
MLS Listing,,Townhouse,3111 Abell Ave,Baltimore,MD,21218,345000,3,2.0,Ward 12,1542,2,1900,8,224,,Active,,,https://www.redfin.com/MD/Baltimore/3111-Abell-Ave-21218/home/10855298,BRIGHT MLS,MDBA2019748,N,Y,39.3263171,-76.6118129
MLS Listing,,Townhouse,1713 E 29th St,Baltimore,MD,21218,49000,3,1.0,Ward 9,,1300,1922,11,,,Active,,,https://www.redfin.com/MD/Baltimore/1713-E-29th-St-21218/home/10820450,BRIGHT MLS,MDBA2019632,N,Y,39.324395,-76.591327
MLS Listing,,Townhouse,2422 Barclay St,Baltimore,MD,21218,239900,4,2.5,Ward 12,2150,2380,1920,12,112,,Active,,,https://www.redfin.com/MD/Baltimore/2422-Barclay-St-21218/home/10846658,BRIGHT MLS,MDBA2019478,N,Y,39.3170863,-76.6115421
MLS Listing,,Townhouse,710 Mckewin Ave,Baltimore,MD,21218,135000,2,2.0,Ward 9,1126,1456,1923,14,120,,Active,,,https://www.redfin.com/MD/Baltimore/710-McKewin-Ave-21218/home/10823756,BRIGHT MLS,MDBA2019336,N,Y,39.3329795,-76.6056141
MLS Listing,,Townhouse,2525 Barclay St,Baltimore,MD,21218,94900,1,1.0,Ward 12,1190,,1900,14,80,,Active,,,https://www.redfin.com/MD/Baltimore/2525-Barclay-St-21218/home/10847522,BRIGHT MLS,MDBA2019302,N,Y,39.319061,-76.6108876
MLS Listing,,Townhouse,1714 E 33rd St,Baltimore,MD,21218,319900,5,3.0,Ward 9,2800,6098,1928,15,114,,Active,December-5-2021 11:00 AM,December-5-2021 01:00 PM,https://www.redfin.com/MD/Baltimore/1714-E-33rd-St-21218/home/10822386,BRIGHT MLS,MDBA2018216,N,Y,39.3287235,-76.590564
MLS Listing,,Townhouse,429 Whitridge Ave,Baltimore,MD,21218,150000,3,1.0,Ward 12,2688,994,1900,15,56,,Active,,,https://www.redfin.com/MD/Baltimore/429-Whitridge-Ave-21218/home/10849589,BRIGHT MLS,MDBA2019320,N,Y,39.3214229,-76.6102939
MLS Listing,,Multi-Family (2-4 Unit),2022 N Calvert St,Baltimore,MD,21218,775000,5,5.0,Ward 12,3196,1449,1890,16,242,,Active,,,https://www.redfin.com/MD/Baltimore/2022-N-Calvert-St-21218/home/10843131,BRIGHT MLS,MDBA2015824,N,Y,39.3129283,-76.6141373
MLS Listing,,Townhouse,337 E 29th St,Baltimore,MD,21218,245000,3,2.0,Ward 12,1312,,1920,16,187,,Active,,,https://www.redfin.com/MD/Baltimore/337-E-29th-St-21218/home/10850116,BRIGHT MLS,MDBA2019130,N,Y,39.3232417,-76.6115647
MLS Listing,,Townhouse,1925 E 30th St,Baltimore,MD,21218,79900,4,1.0,Ward 9,,2242,1928,17,,,Active,,,https://www.redfin.com/MD/Baltimore/1925-E-30th-St-21218/home/10820267,BRIGHT MLS,MDBA2018996,N,Y,39.325137,-76.588161
MLS Listing,,Townhouse,1918 E 30th St,Baltimore,MD,21218,79900,4,1.0,Ward 9,2242,2242,1922,17,36,,Active,,,https://www.redfin.com/MD/Baltimore/1918-E-30th-St-21218/home/10814584,BRIGHT MLS,MDBA2018974,N,Y,39.3255328,-76.5884801
MLS Listing,,Townhouse,914 E 37th St,Baltimore,MD,21218,149950,3,2.0,Ward 9,1780,1780,1938,18,84,,Active,,,https://www.redfin.com/MD/Baltimore/914-E-37th-St-21218/home/10824232,BRIGHT MLS,MDBA2018408,N,Y,39.3335163,-76.603634
MLS Listing,,Townhouse,721 Belgian Ave,Baltimore,MD,21218,224900,3,2.0,Ward 9,1820,,1920,18,124,,Active,,,https://www.redfin.com/MD/Baltimore/721-Belgian-Ave-21218/home/10803688,BRIGHT MLS,MDBA2018890,N,Y,39.340247,-76.605167
MLS Listing,,Townhouse,630 Melville Ave,Baltimore,MD,21218,149900,4,1.5,Ward 9,1280,1742,1927,20,117,,Active,,,https://www.redfin.com/MD/Baltimore/630-Melville-Ave-21218/home/10823164,BRIGHT MLS,MDBA2018702,N,Y,39.3316976,-76.6063966
MLS Listing,,Townhouse,1912 E 28th St,Baltimore,MD,21218,20000,3,1.0,Ward 9,,,1918,20,,,Active,,,https://www.redfin.com/MD/Baltimore/1912-E-28th-St-21218/home/10820664,BRIGHT MLS,MDBA2018714,N,Y,39.3240518,-76.5891758
MLS Listing,,Townhouse,427 E 28th St,Baltimore,MD,21218,180000,3,1.5,Ward 12,1350,1245,1900,21,133,,Active,,,https://www.redfin.com/MD/Baltimore/427-E-28th-St-21218/home/10849420,BRIGHT MLS,MDBA2017818,N,Y,39.321948,-76.610293
MLS Listing,,Townhouse,507 E 39th St,Baltimore,MD,21218,275000,4,2.0,Ward 9,1776,,1930,21,155,,Active,,,https://www.redfin.com/MD/Baltimore/507-E-39th-St-21218/home/10803441,BRIGHT MLS,MDBA2018498,N,Y,39.3361653,-76.6083987
MLS Listing,,Townhouse,1746 Montpelier St,Baltimore,MD,21218,95000,3,2.0,Ward 9,,1000,1940,23,,,Active,,,https://www.redfin.com/MD/Baltimore/1746-Montpelier-St-21218/home/10817690,BRIGHT MLS,MDBA2018362,N,Y,39.3193745,-76.5942031
MLS Listing,,Townhouse,2400 Barclay St,Baltimore,MD,21218,173999,6,3.0,Ward 12,,1260,1920,23,,,Active,,,https://www.redfin.com/MD/Baltimore/2400-Barclay-St-21218/home/10846690,BRIGHT MLS,MDBA2018386,N,Y,39.3166559,-76.6114461
MLS Listing,,Townhouse,2652 Boone St,Baltimore,MD,21218,189900,3,1.5,Ward 9,,,1920,23,,,Active,December-5-2021 12:00 PM,December-5-2021 03:00 PM,https://www.redfin.com/MD/Baltimore/2652-Boone-St-21218/home/10807856,BRIGHT MLS,MDBA2018462,N,Y,39.3205311,-76.6088221
MLS Listing,,Condo/Co-op,3405 Greenway #105,Baltimore,MD,21218,239900,2,1.0,Ward 12,1268,,1916,24,189,500,Active,,,https://www.redfin.com/MD/Baltimore/3405-Greenway-21218/unit-105/home/10853845,BRIGHT MLS,MDBA2018010,N,Y,39.3300089,-76.6168315
MLS Listing,,Townhouse,551 E 38th St,Baltimore,MD,21218,175000,3,2.5,Ward 9,1850,,1920,24,95,,Active,,,https://www.redfin.com/MD/Baltimore/551-E-38th-St-21218/home/10803625,BRIGHT MLS,MDBA2017960,N,Y,39.3351548,-76.6080441
MLS Listing,,Townhouse,2454 Barclay St,Baltimore,MD,21218,150000,3,2.0,Ward 12,,871,1900,25,,,Active,,,https://www.redfin.com/MD/Baltimore/2454-Barclay-St-21218/home/10846630,BRIGHT MLS,MDBA2018268,N,Y,39.3175849,-76.6114631
MLS Listing,,Condo/Co-op,1 E University Pkwy #106,Baltimore,MD,21218,95000,1,1.0,Ward 12,784,,1965,25,121,633,Active,,,https://www.redfin.com/MD/Baltimore/1-E-University-Pkwy-21218/unit-106/home/10853918,BRIGHT MLS,MDBA2018244,N,Y,39.3313784,-76.6169047
MLS Listing,,Townhouse,2545 Aisquith St,Baltimore,MD,21218,179900,3,2.0,Ward 9,,1320,1940,27,,,Active,,,https://www.redfin.com/MD/Baltimore/2545-Aisquith-St-21218/home/10816316,BRIGHT MLS,MDBA2017840,N,Y,39.318594,-76.596698
MLS Listing,,Townhouse,1925 E 31st St,Baltimore,MD,21218,149900,3,1.5,Ward 9,2264,,1922,31,66,,Active,,,https://www.redfin.com/MD/Baltimore/1925-E-31st-St-21218/home/10814547,BRIGHT MLS,MDBA2017500,N,Y,39.326067,-76.588382
MLS Listing,,Single Family Residential,3201 Independence St,Baltimore,MD,21218,184990,3,1.0,Ward 9,1258,1550,1890,31,147,,Active,,,https://www.redfin.com/MD/Baltimore/3201-Independence-St-21218/home/10805261,BRIGHT MLS,MDBA2017540,N,Y,39.325929,-76.6021763
MLS Listing,,Townhouse,3707 Old York Rd,Baltimore,MD,21218,199999,3,2.0,Ward 9,1524,1260,1929,31,131,,Active,,,https://www.redfin.com/MD/Baltimore/3707-Old-York-Rd-21218/home/10805100,BRIGHT MLS,MDBA2016328,N,Y,39.3342663,-76.6072542
MLS Listing,,Townhouse,2713 Boone St,Baltimore,MD,21218,50000,2,1.0,Ward 9,,960,1920,31,,,Active,,,https://www.redfin.com/MD/Baltimore/2713-Boone-St-21218/home/10808023,BRIGHT MLS,MDBA2016778,N,Y,39.321426,-76.608534
MLS Listing,,Townhouse,2801 The Alameda,Baltimore,MD,21218,199900,3,2.5,Ward 9,1850,1015,1920,32,108,,Active,,,https://www.redfin.com/MD/Baltimore/2801-The-Alameda-21218/home/10819438,BRIGHT MLS,MDBA2017154,N,Y,39.3235413,-76.5927823
MLS Listing,,Townhouse,401 Whitridge Ave,Baltimore,MD,21218,255000,4,2.5,Ward 12,1844,1036,1900,35,138,,Active,,,https://www.redfin.com/MD/Baltimore/401-Whitridge-Ave-21218/home/10849625,BRIGHT MLS,MDBA2016452,N,Y,39.3214336,-76.6109822
MLS Listing,,Townhouse,807 E 22nd St,Baltimore,MD,21218,149977,5,2.5,Ward 9,,1400,1920,36,,,Active,,,https://www.redfin.com/MD/Baltimore/807-E-22nd-St-21218/home/10809289,BRIGHT MLS,MDBA2016316,N,Y,39.314414,-76.606565
MLS Listing,,Townhouse,618 E 29th St,Baltimore,MD,21218,214990,3,1.5,Ward 9,,2000,1920,36,,,Active,,,https://www.redfin.com/MD/Baltimore/618-E-29th-St-21218/home/10808184,BRIGHT MLS,MDBA2000933,N,Y,39.3238339,-76.6079821
MLS Listing,,Single Family Residential,509 E 38th St,Baltimore,MD,21218,249000,5,2.0,Ward 9,1616,6300,1900,37,154,,Active,,,https://www.redfin.com/MD/Baltimore/509-E-38th-St-21218/home/10803574,BRIGHT MLS,MDBA2016942,N,Y,39.3351611,-76.6092063
MLS Listing,,Townhouse,1921 E 31st St,Baltimore,MD,21218,195000,3,1.5,Ward 9,2264,,1922,37,86,,Active,,,https://www.redfin.com/MD/Baltimore/1921-E-31st-St-21218/home/10814542,BRIGHT MLS,MDBA2016858,N,Y,39.326103,-76.5884987
MLS Listing,,Townhouse,435 27th E,Baltimore,MD,21218,199900,2,2.5,Ward 12,1300,1170,1900,39,154,,Active,,,https://www.redfin.com/MD/Baltimore/435-E-27th-St-21218/home/10848656,BRIGHT MLS,MDBA2000107,N,Y,39.3208034,-76.6101203
MLS Listing,,Townhouse,436 E Lorraine Ave,Baltimore,MD,21218,239000,5,3.5,Ward 12,1848,871,1900,39,129,,Active,,,https://www.redfin.com/MD/Baltimore/436-E-Lorraine-Ave-21218/home/10848713,BRIGHT MLS,MDBA2016616,N,Y,39.320223,-76.6100673
MLS Listing,,Townhouse,3614 Kimble,Baltimore,MD,21218,218000,3,2.0,Ward 9,1620,1950,1929,39,135,,Active,,,https://www.redfin.com/MD/Baltimore/3614-Kimble-Rd-21218/home/10824834,BRIGHT MLS,MDBA2014656,N,Y,39.3324818,-76.6012622
MLS Listing,,Townhouse,627 E 30th St,Baltimore,MD,21218,138999,3,1.0,Ward 9,,,1920,40,,,Active,,,https://www.redfin.com/MD/Baltimore/627-E-30th-St-21218/home/10808146,BRIGHT MLS,MDBA2016466,N,Y,39.324056,-76.607696
MLS Listing,,Townhouse,606 Cator Ave,Baltimore,MD,21218,145000,3,1.5,Ward 9,1728,2178,1920,42,84,,Active,,,https://www.redfin.com/MD/Baltimore/606-Cator-Ave-21218/home/10803803,BRIGHT MLS,MDBA2000963,N,Y,39.3391965,-76.6071953
MLS Listing,,Townhouse,1720 E 28th St,Baltimore,MD,21218,170000,3,1.0,Ward 9,,,1920,47,,,Active,,,https://www.redfin.com/MD/Baltimore/1720-E-28th-St-21218/home/10820498,BRIGHT MLS,MDBA2015638,N,Y,39.3240582,-76.5912749
MLS Listing,,Townhouse,2825 N Howard St,Baltimore,MD,21218,159000,3,1.5,Ward 12,1223,1312,1922,48,130,,Active,,,https://www.redfin.com/MD/Baltimore/2825-N-Howard-St-21218/home/10841291,BRIGHT MLS,MDBA2015418,N,Y,39.3225134,-76.619822
MLS Listing,,Single Family Residential,1001 Argonne Dr,Baltimore,MD,21218,378900,3,3.0,Ward 9,2700,10764,1937,52,140,2,Active,,,https://www.redfin.com/MD/Baltimore/1001-Argonne-Dr-21218/home/10827844,BRIGHT MLS,MDBA2001089,N,Y,39.3398138,-76.5999532
MLS Listing,,Condo/Co-op,3801 Canterbury Rd #803,Baltimore,MD,21218,269000,2,2.0,Ward 12,1217,,1990,54,221,709,Active,,,https://www.redfin.com/MD/Baltimore/3801-Canterbury-Rd-21218/unit-803/home/10850604,BRIGHT MLS,MDBA2000731,N,Y,39.3348366,-76.6202832
MLS Listing,,Townhouse,747 Melville Ave,Baltimore,MD,21218,159950,2,1.5,Ward 9,976,,1920,55,164,,Active,,,https://www.redfin.com/MD/Baltimore/747-Melville-Ave-21218/home/10823011,BRIGHT MLS,MDBA2000901,N,Y,39.331211,-76.604877
MLS Listing,,Townhouse,3513 Greenmount Ave,Baltimore,MD,21218,189900,2,3.0,Ward 9,1380,,1920,59,138,,Active,,,https://www.redfin.com/MD/Baltimore/3513-Greenmount-Ave-21218/home/10822463,BRIGHT MLS,MDBA2000327,N,Y,39.3312929,-76.6092402
MLS Listing,,Townhouse,510 E 35th St,Baltimore,MD,21218,129999,0,,Ward 9,1890,1306,1920,59,69,,Active,,,https://www.redfin.com/MD/Baltimore/510-E-35th-St-21218/home/10822423,BRIGHT MLS,MDBA2000475,N,Y,39.3311753,-76.6087437
MLS Listing,,Townhouse,1730 Gorsuch Ave,Baltimore,MD,21218,79000,3,2.0,BALTIMORE,1200,,1940,59,66,,Active,,,https://www.redfin.com/MD/Baltimore/1730-Gorsuch-Ave-21218/home/10817744,BRIGHT MLS,MDBA2000367,N,Y,39.3206402,-76.5933843
MLS Listing,,Townhouse,831 Belgian Ave,Baltimore,MD,21218,149900,3,1.5,Ward 9,1440,,1916,60,104,,Active,,,https://www.redfin.com/MD/Baltimore/831-Belgian-Ave-21218/home/10804866,BRIGHT MLS,MDBA2000347,N,Y,39.340285,-76.604055
MLS Listing,,Multi-Family (2-4 Unit),2827 N Calvert St,Baltimore,MD,21218,399900,,,Ward 12,3052,1306,1902,66,131,,Active,,,https://www.redfin.com/MD/Baltimore/2827-N-Calvert-St-21218/home/10848216,BRIGHT MLS,MDBA2014682,N,Y,39.3227655,-76.6141551
MLS Listing,,Townhouse,3918 Rexmere Rd,Baltimore,MD,21218,209900,3,2.0,Ward 9,1500,,1947,66,140,,Active,,,https://www.redfin.com/MD/Baltimore/3918-Rexmere-Rd-21218/home/10826451,BRIGHT MLS,MDBA2011004,N,Y,39.3358486,-76.6022214
MLS Listing,,Townhouse,435 E Lorraine Ave,Baltimore,MD,21218,219000,4,2.0,Ward 12,1344,,1900,68,163,,Active,,,https://www.redfin.com/MD/Baltimore/435-E-Lorraine-Ave-21218/home/10848750,BRIGHT MLS,MDBA2014402,N,Y,39.3198899,-76.6101431
MLS Listing,,Multi-Family (2-4 Unit),419 E 31st St,Baltimore,MD,21218,285000,,,Ward 12,1414,2100,1875,68,202,,Active,,,https://www.redfin.com/MD/Baltimore/419-E-31st-St-21218/home/10854581,BRIGHT MLS,MDBA2014286,N,Y,39.3258608,-76.6101203
MLS Listing,,Multi-Family (2-4 Unit),2859 Greenmount Ave,Baltimore,MD,21218,65000,,,Ward 9,,,1920,68,,,Active,,,https://www.redfin.com/MD/Baltimore/2859-Greenmount-Ave-21218/home/10808041,BRIGHT MLS,MDBA2014284,N,Y,39.3236384,-76.6091499
MLS Listing,,Townhouse,1838 E 28th St,Baltimore,MD,21218,102999,3,1.0,Ward 9,,,1918,68,,,Active,,,https://www.redfin.com/MD/Baltimore/1838-E-28th-St-21218/home/10820637,BRIGHT MLS,MDBA2014246,N,Y,39.3240448,-76.5896272
MLS Listing,,Townhouse,2620 Aisquith St,Baltimore,MD,21218,118999,3,1.0,Ward 9,1125,1125,1940,71,106,,Active,,,https://www.redfin.com/MD/Baltimore/2620-Aisquith-St-21218/home/10816631,BRIGHT MLS,MDBA2014042,N,Y,39.3194665,-76.596387
MLS Listing,,Townhouse,320 E 28th St,Baltimore,MD,21218,130000,3,1.0,Ward 12,1244,1742,1920,72,105,,Active,,,https://www.redfin.com/MD/Baltimore/320-E-28th-St-21218/home/10849914,BRIGHT MLS,MDBA2013242,N,Y,39.3223135,-76.6119709
MLS Listing,,Townhouse,1637 Montpelier St,Baltimore,MD,21218,99999,3,1.0,COLDSTREAM HOMESTEAD MONTEBELLO,1000,1000,1940,73,100,,Active,,,https://www.redfin.com/MD/Baltimore/1637-Montpelier-St-21218/home/10816591,BRIGHT MLS,MDBA2013840,N,Y,39.319997,-76.595928
MLS Listing,,Condo/Co-op,4000 N Charles St #1202,Baltimore,MD,21218,337000,2,2.0,Ward 12,1505,,,75,224,1258,Active,,,https://www.redfin.com/MD/Baltimore/4000-N-Charles-St-21218/unit-1202/home/10836945,BRIGHT MLS,MDBA2012198,N,Y,39.338107,-76.618955
MLS Listing,,Single Family Residential,3903 Greenmount Ave,Baltimore,MD,21218,247700,4,3.5,Ward 9,1440,3049,1920,80,172,,Active,,,https://www.redfin.com/MD/Baltimore/3903-Greenmount-Ave-21218/home/10803475,BRIGHT MLS,MDBA2009972,N,Y,39.3369415,-76.6091951
MLS Listing,,Condo/Co-op,4000 N Charles St #1105,Baltimore,MD,21218,149880,1,1.0,Ward 12,830,,,81,181,707,Active,,,https://www.redfin.com/MD/Baltimore/4000-N-Charles-St-21218/unit-1105/home/10836901,BRIGHT MLS,MDBA2011560,N,Y,39.338107,-76.618955
MLS Listing,,Townhouse,2310 Garrett Ave,Baltimore,MD,21218,159999,3,2.5,Ward 9,,1250,1920,83,,,Active,,,https://www.redfin.com/MD/Baltimore/2310-Garrett-Ave-21218/home/10813772,BRIGHT MLS,MDBA2012378,N,Y,39.3168215,-76.6011826
MLS Listing,,Condo/Co-op,3024 N Calvert St Unit D-7,Baltimore,MD,21218,134900,3,1.0,CALVERT COURT,950,,1915,89,142,711,Active,December-5-2021 12:00 PM,December-5-2021 02:00 PM,https://www.redfin.com/MD/Baltimore/3024-N-Calvert-St-21218/unit-D7/home/39882901,BRIGHT MLS,MDBA2011138,N,Y,39.3253803,-76.614961
MLS Listing,,Townhouse,2457 Brentwood Ave,Baltimore,MD,21218,30000,3,1.0,Ward 12,,,1900,89,,,Active,,,https://www.redfin.com/MD/Baltimore/2457-Brentwood-Ave-21218/home/10846952,BRIGHT MLS,MDBA2011590,N,Y,39.3174062,-76.610188
MLS Listing,,Single Family Residential,455 E Lorraine Ave,Baltimore,MD,21218,209000,3,2.5,Ward 12,962,,1900,99,217,,Active,,,https://www.redfin.com/MD/Baltimore/455-E-Lorraine-Ave-21218/home/25798449,BRIGHT MLS,MDBA2009324,N,Y,39.3198823,-76.6096085
MLS Listing,,Single Family Residential,813 Homestead St,Baltimore,MD,21218,265500,4,3.5,Ward 9,1700,2700,1920,102,156,,Active,,,https://www.redfin.com/MD/Baltimore/813-Homestead-St-21218/home/10807214,BRIGHT MLS,MDBA2010016,N,Y,39.3257182,-76.6051646
MLS Listing,,Townhouse,2560 Robb St,Baltimore,MD,21218,114999,3,2.0,Ward 9,,,1920,103,,,Active,,,https://www.redfin.com/MD/Baltimore/2560-Robb-St-21218/home/10814247,BRIGHT MLS,MDBA2009862,N,Y,39.3192921,-76.5975781
MLS Listing,,Townhouse,921 N Hill Rd,Baltimore,MD,21218,190000,3,1.5,Ward 9,1152,,1940,106,165,1,Active,,,https://www.redfin.com/MD/Baltimore/921-N-Hill-Rd-21218/home/10825891,BRIGHT MLS,MDBA2005108,N,Y,39.3373337,-76.602116
MLS Listing,,Townhouse,2622 Robb St,Baltimore,MD,21218,95000,3,1.0,Ward 9,,,1940,111,,,Active,,,https://www.redfin.com/MD/Baltimore/2622-Robb-St-21218/home/10816783,BRIGHT MLS,MDBA2008882,N,Y,39.3199339,-76.5969029
MLS Listing,,Townhouse,2706 Greenmount Ave,Baltimore,MD,21218,142500,3,2.0,Ward 12,2002,1150,1900,120,71,,Active,,,https://www.redfin.com/MD/Baltimore/2706-Greenmount-Ave-21218/home/10849393,BRIGHT MLS,MDBA2007376,N,Y,39.3211624,-76.6097396
MLS Listing,,Townhouse,3103 Frisby St,Baltimore,MD,21218,94900,3,1.0,Ward 9,1024,435,1954,121,93,,Active,,,https://www.redfin.com/MD/Baltimore/3103-Frisby-St-21218/home/10807250,BRIGHT MLS,MDBA2007508,N,Y,39.3260218,-76.6070507
MLS Listing,,Townhouse,2311 Garrett Ave,Baltimore,MD,21218,150000,2,2.0,Ward 9,,,1920,122,,,Active,,,https://www.redfin.com/MD/Baltimore/2311-Garrett-Ave-21218/home/10813640,BRIGHT MLS,MDBA2007276,N,Y,39.316621,-76.600752
MLS Listing,,Townhouse,2527 Greenmount Ave,Baltimore,MD,21218,80000,3,1.0,Ward 9,,1100,,123,,,Active,,,https://www.redfin.com/MD/Baltimore/2527-Greenmount-Ave-21218/home/10808727,BRIGHT MLS,MDBA2007128,N,Y,39.3188037,-76.6091951
MLS Listing,,Townhouse,2005 Cecil Ave,Baltimore,MD,21218,179900,3,2.5,Ward 9,1300,1306,1932,128,138,,Active,,,https://www.redfin.com/MD/Baltimore/2005-Cecil-Ave-21218/home/10812963,BRIGHT MLS,MDBA2005490,N,Y,39.3131956,-76.6050833
MLS Listing,,Townhouse,1726 Carswell St,Baltimore,MD,21218,100000,3,1.0,Ward 9,,1260,1930,128,,,Active,,,https://www.redfin.com/MD/Baltimore/1726-Carswell-St-21218/home/10817876,BRIGHT MLS,MDBA2006512,N,Y,39.3212627,-76.5929145
MLS Listing,,Single Family Residential,3035 Barclay St,Baltimore,MD,21218,200500,2,1.5,Ward 12,804,1806,1895,140,249,,Active,,,https://www.redfin.com/MD/Baltimore/3035-Barclay-St-21218/home/10854611,BRIGHT MLS,MDBA555086,N,Y,39.3255076,-76.610819
MLS Listing,,Single Family Residential,4027 Old York Rd,Baltimore,MD,21218,134900,1,1.5,Ward 9,1672,1152,1920,143,81,,Active,,,https://www.redfin.com/MD/Baltimore/4027-Old-York-Rd-21218/home/10803870,BRIGHT MLS,MDBA554542,N,Y,39.3387837,-76.6074122
MLS Listing,,Condo/Co-op,4000 N Charles St #302,Baltimore,MD,21218,599000,3,3.5,Ward 12,3630,,1964,146,165,3054,Active,,,https://www.redfin.com/MD/Baltimore/4000-N-Charles-St-21218/unit-302/home/175638196,BRIGHT MLS,MDBA2003550,N,Y,39.3380339,-76.6187683
MLS Listing,,Townhouse,336 E 26th St,Baltimore,MD,21218,290000,4,3.5,Ward 12,1496,,1900,150,194,,Active,,,https://www.redfin.com/MD/Baltimore/336-E-26th-St-21218/home/10849043,BRIGHT MLS,MDBA2003598,N,Y,39.319788,-76.6113164
MLS Listing,,Townhouse,1644 Roundhill Rd,Baltimore,MD,21218,189900,3,1.5,Ward 9,1752,2800,1942,153,108,,Active,,,https://www.redfin.com/MD/Baltimore/1644-Roundhill-Rd-21218/home/10827620,BRIGHT MLS,MDBA2003068,N,Y,39.33802,-76.5896971
MLS Listing,,Condo/Co-op,3801 Canterbury Rd #503,Baltimore,MD,21218,259000,2,2.0,Ward 12,1217,,,159,213,709,Active,,,https://www.redfin.com/MD/Baltimore/3801-Canterbury-Rd-21218/unit-503/home/10850482,BRIGHT MLS,MDBA2002074,N,Y,39.3348366,-76.6202832
MLS Listing,,Townhouse,1758 Gorsuch Ave,Baltimore,MD,21218,135000,2,1.5,Ward 9,,1440,1920,164,,,Active,,,https://www.redfin.com/MD/Baltimore/1758-Gorsuch-Ave-21218/home/10817769,BRIGHT MLS,MDBA2001476,N,Y,39.3202507,-76.5926981
MLS Listing,,Townhouse,435 Whitridge Ave,Baltimore,MD,21218,155000,3,1.5,Ward 12,1344,,1900,167,115,,Active,,,https://www.redfin.com/MD/Baltimore/435-Whitridge-Ave-21218/home/10849576,BRIGHT MLS,MDBA2001070,N,Y,39.3214244,-76.6101359
MLS Listing,,Townhouse,412 21st St E,Baltimore,MD,21218,199900,3,1.0,BALTIMORE CITY,,,1920,168,,,Active,,,https://www.redfin.com/MD/Baltimore/412-E-21st-St-21218/home/10845745,BRIGHT MLS,MDBA2001126,N,Y,39.3136396,-76.610504
MLS Listing,,Townhouse,2613 Barclay St,Baltimore,MD,21218,99900,2,1.0,Ward 12,792,,1900,171,126,,Active,,,https://www.redfin.com/MD/Baltimore/2613-Barclay-St-21218/home/10848799,BRIGHT MLS,MDBA2000800,N,Y,39.3197406,-76.6109102
MLS Listing,,Townhouse,509 E 39th St,Baltimore,MD,21218,339900,5,3.5,Ward 9,2120,1820,1930,176,160,,Active,,,https://www.redfin.com/MD/Baltimore/509-E-39th-St-21218/home/10803445,BRIGHT MLS,MDBA554712,N,Y,39.3361399,-76.6081896
MLS Listing,,Townhouse,1539 Montpelier St,Baltimore,MD,21218,167000,3,1.5,Ward 9,2350,800,1940,195,71,,Active,,,https://www.redfin.com/MD/Baltimore/1539-Montpelier-St-21218/home/10816878,BRIGHT MLS,MDBA552320,N,Y,39.320949,-76.5974169
MLS Listing,,Townhouse,318 E 33rd St,Baltimore,MD,21218,219900,3,1.5,Ward 12,1716,,1920,198,128,,Active,,,https://www.redfin.com/MD/Baltimore/318-E-33rd-St-21218/home/10854977,BRIGHT MLS,MDBA552218,N,Y,39.3286006,-76.6127833
MLS Listing,,Townhouse,1722 Carswell St,Baltimore,MD,21218,125000,3,1.0,Ward 9,,,1930,204,,,Active,,,https://www.redfin.com/MD/Baltimore/1722-Carswell-St-21218/home/10817872,BRIGHT MLS,MDBA551188,N,Y,39.3213115,-76.5929935
MLS Listing,,Townhouse,2228 Aiken St,Baltimore,MD,21218,97999,3,1.0,Ward 9,,,1920,204,,,Active,,,https://www.redfin.com/MD/Baltimore/2228-Aiken-St-21218/home/10813345,BRIGHT MLS,MDBA551260,N,Y,39.3158991,-76.5988134
MLS Listing,,Townhouse,437 E Lorraine Ave,Baltimore,MD,21218,200000,3,2.5,Ward 12,1848,941,1900,211,108,,Active,,,https://www.redfin.com/MD/Baltimore/437-E-Lorraine-Ave-21218/home/10848749,BRIGHT MLS,MDBA550338,N,Y,39.3199047,-76.6100977
MLS Listing,,Single Family Residential,15 Charlcote Pl,Baltimore,MD,21218,4250000,5,6.5,Ward 27,12861,63162,1914,240,330,258,Active,,,https://www.redfin.com/MD/Baltimore/15-Charlcote-Pl-21218/home/11209658,BRIGHT MLS,MDBA545910,N,Y,39.3439681,-76.6186619
MLS Listing,,Townhouse,1705 Montpelier St,Baltimore,MD,21218,130000,2,1.5,Ward 9,,,1940,248,,,Active,,,https://www.redfin.com/MD/Baltimore/1705-Montpelier-St-21218/home/10816400,BRIGHT MLS,MDBA545470,N,Y,39.319745,-76.595525
MLS Listing,,Townhouse,1772 Montpelier St,Baltimore,MD,21218,63840,2,1.0,Ward 9,,1306,1940,353,,,Active,,,https://www.redfin.com/MD/Baltimore/1772-Montpelier-St-21218/home/10817723,BRIGHT MLS,MDBA534754,N,Y,39.3190662,-76.5937216
MLS Listing,,Townhouse,413 E 22nd St,Baltimore,MD,21218,159900,5,2.5,Ward 12,,2100,1920,354,,,Active,,,https://www.redfin.com/MD/Baltimore/413-E-22nd-St-21218/home/10845642,BRIGHT MLS,MDBA534596,N,Y,39.3144501,-76.6100985
MLS Listing,,Townhouse,2422 Brentwood Ave,Baltimore,MD,21218,57000,3,1.5,Ward 12,,1144,1900,378,,,Active,,,https://www.redfin.com/MD/Baltimore/2422-Brentwood-Ave-21218/home/10847096,BRIGHT MLS,MDBA531888,N,Y,39.316754,-76.6105717
MLS Listing,,Townhouse,1109 Darley,Baltimore,MD,21218,40000,4,2.5,BALTIMORE CITY,,1200,1920,888,,,Active,,,https://www.redfin.com/MD/Baltimore/1109-Darley-Ave-21218/home/10813558,BRIGHT MLS,MDBA474996,N,Y,39.3164426,-76.5997162
MLS Listing,,Townhouse,1234 Bonaparte Ave,Baltimore,MD,21218,24000,3,1.0,Baltimore,,,1920,1465,,,Active,,,https://www.redfin.com/MD/Baltimore/1234-Bonaparte-Ave-21218/home/10813154,BRIGHT MLS,1004259605,N,Y,39.314979,-76.5989489
For-Sale-by-Owner Listing,,Condo/Co-op,3801 Canterbury Rd Unit 609,Baltimore,MD,21218,449500,2,2.5,Baltimore,1699,,1990,132,265,,Active,,,https://www.redfin.com/MD/Baltimore/3801-Canterbury-Rd-21218/unit-609/home/10850533,Fizber.com,11443807,N,Y,39.3348366,-76.6202832
PAST SALE,April-9-2021,Townhouse,1014 E 36th St,Baltimore,MD,21218,239000,4,1.5,Ward 9,1550,2178,1929,240,154,,Sold,,,https://www.redfin.com/MD/Baltimore/1014-E-36th-St-21218/home/10824665,BRIGHT MLS,MDBA541584,N,Y,39.331896,-76.602188
PAST SALE,,Townhouse,3726 Ednor Rd,Baltimore,MD,21218,278000,,2.0,,1780,2144,1940,,156,,,,,https://www.redfin.com/MD/Baltimore/3726-Ednor-Rd-21218/home/10824641,,,N,Y,39.3339139,-76.5995469
PAST SALE,March-5-2021,Townhouse,4022 Wilsby Ave,Baltimore,MD,21218,113000,3,1.5,Ward 9,1560,1605,1925,275,72,,Sold,,,https://www.redfin.com/MD/Baltimore/4022-Wilsby-Ave-21218/home/10804086,BRIGHT MLS,MDBA536208,N,Y,39.3387568,-76.6047943
PAST SALE,April-17-2020,Townhouse,1008 E 36th St,Baltimore,MD,21218,299900,4,3.5,Ward 9,2150,,1929,597,139,,Sold,,,https://www.redfin.com/MD/Baltimore/1008-E-36th-St-21218/home/10824653,BRIGHT MLS,MDBA503224,N,Y,39.3318961,-76.6024049
PAST SALE,April-30-2021,Townhouse,312 E 26th St,Baltimore,MD,21218,209000,3,2.0,Ward 12,1646,100,1900,219,127,,Sold,,,https://www.redfin.com/MD/Baltimore/312-E-26th-St-21218/home/10849069,BRIGHT MLS,MDBA543688,N,Y,39.3197623,-76.612015
PAST SALE,,Townhouse,3939 Ednor Rd,Baltimore,MD,21218,167000,,1.5,,1280,12500,1940,,130,,,,,https://www.redfin.com/MD/Baltimore/3939-Ednor-Rd-21218/home/10826119,,,N,Y,39.3363131,-76.5990775
PAST SALE,,Townhouse,4123 The Alameda,Baltimore,MD,21218,68000,,1.0,,1152,4340,1954,,59,,,,,https://www.redfin.com/MD/Baltimore/4123-The-Alameda-21218/home/11192029,,,N,Y,39.3412916,-76.5997388
PAST SALE,August-1-2019,Townhouse,3719 Rexmere Rd,Baltimore,MD,21218,165000,3,1.5,EDNOR  GARDENS,1616,1940,1932,857,102,,Sold,,,https://www.redfin.com/MD/Baltimore/3719-Rexmere-Rd-21218/home/10824422,BRIGHT MLS,MDBA469366,N,Y,39.3336891,-76.6017136
PAST SALE,,Townhouse,3711 Kimble Rd,Baltimore,MD,21218,214500,,1.0,,1925,1940,1937,,111,,,,,https://www.redfin.com/MD/Baltimore/3711-Kimble-Rd-21218/home/10824498,,,N,Y,39.3334244,-76.6008108
PAST SALE,,Single Family Residential,614 Wyanoke Ave,Baltimore,MD,21218,203000,,2.5,,1520,5000,1985,,134,,,,,https://www.redfin.com/MD/Baltimore/614-Wyanoke-Ave-21218/home/10804252,,,N,Y,39.3375553,-76.6061822
PAST SALE,June-11-2021,Townhouse,1318 Northview Rd,Baltimore,MD,21218,177000,3,1.5,Ward 27,1478,1178,1941,177,120,3,Sold,,,https://www.redfin.com/MD/Baltimore/1318-Northview-Rd-21218/home/11191906,BRIGHT MLS,MDBA549858,N,Y,39.342691,-76.596062
PAST SALE,,Townhouse,1520 Kingsway Rd,Baltimore,MD,21218,235000,,2.0,,1886,3540,1941,,125,,,,,https://www.redfin.com/MD/Baltimore/1520-Kingsway-Rd-21218/home/11146784,,,N,Y,39.3445727,-76.5906416
PAST SALE,,Single Family Residential,608 Wyanoke Ave,Baltimore,MD,21218,217000,,2.0,,1176,5120,1920,,185,,,,,https://www.redfin.com/MD/Baltimore/608-Wyanoke-Ave-21218/home/10804244,,,N,Y,39.3375283,-76.6066336
PAST SALE,,Townhouse,4133 The Alameda,Baltimore,MD,21218,192000,,1.0,,1152,4340,1954,,167,,,,,https://www.redfin.com/MD/Baltimore/4133-The-Alameda-21218/home/11192038,,,N,Y,39.3415278,-76.5997162
PAST SALE,March-31-2021,Townhouse,2624 Guilford Ave,Baltimore,MD,21218,325000,3,2.0,Ward 12,2707,2400,1900,249,120,,Sold,,,https://www.redfin.com/MD/Baltimore/2624-Guilford-Ave-21218/home/10847609,BRIGHT MLS,MDBA541006,N,Y,39.3201565,-76.6132798
PAST SALE,July-1-2019,Townhouse,3710 Kimble Rd,Baltimore,MD,21218,165000,3,2.0,EDNOR GARDENS,1750,1976,1937,888,94,,Sold,,,https://www.redfin.com/MD/Baltimore/3710-Kimble-Rd-21218/home/10824457,BRIGHT MLS,MDBA462480,N,Y,39.3334132,-76.6013123
PAST SALE,September-5-2019,Townhouse,3727 Kimble Rd,Baltimore,MD,21218,216000,4,2.0,EDNOR GARDENS,2100,1981,1937,822,103,,Sold,,,https://www.redfin.com/MD/Baltimore/3727-Kimble-Rd-21218/home/10824514,BRIGHT MLS,MDBA474916,N,Y,39.3339161,-76.6008447
PAST SALE,May-19-2021,Townhouse,822 Dumbarton Ave,Baltimore,MD,21218,60000,3,1.0,Ward 9,840,,1948,200,71,,Sold,,,https://www.redfin.com/MD/Baltimore/822-Dumbarton-Ave-21218/home/10804219,BRIGHT MLS,MDBA545202,N,Y,39.3383773,-76.6034466
PAST SALE,December-24-2019,Townhouse,3704 Kimble Rd,Baltimore,MD,21218,167500,3,1.0,EDNOR  GARDENS,2000,,1937,712,84,,Sold,,,https://www.redfin.com/MD/Baltimore/3704-Kimble-Rd-21218/home/10824446,BRIGHT MLS,MDBA483154,N,Y,39.3332479,-76.6013165
PAST SALE,May-5-2021,Single Family Residential,3915 Loch Raven Blvd,Baltimore,MD,21218,415000,3,3.0,Ward 9,3810,8866,1941,214,109,2,Sold,,,https://www.redfin.com/MD/Baltimore/3915-Loch-Raven-Blvd-21218/home/10829104,BRIGHT MLS,MDBA544738,N,Y,39.3375635,-76.5937582
PAST SALE,June-30-2020,Single Family Residential,605 Dumbarton Ave,Baltimore,MD,21218,150000,4,2.0,Ward 9,1184,3500,1920,523,127,,Sold,,,https://www.redfin.com/MD/Baltimore/605-Dumbarton-Ave-21218/home/10804305,BRIGHT MLS,MDBA498504,N,Y,39.3379048,-76.6071301
PAST SALE,,Single Family Residential,4018 Deepwood Rd,Baltimore,MD,21218,299900,,2.5,,1559,6811,1940,,192,,,,,https://www.redfin.com/MD/Baltimore/4018-Deepwood-Rd-21218/home/10827955,,,N,Y,39.3381217,-76.5984185
PAST SALE,,Townhouse,3725 Elkader Rd,Baltimore,MD,21218,181900,,1.0,,1088,1649,1932,,167,,,,,https://www.redfin.com/MD/Baltimore/3725-Elkader-Rd-21218/home/10824348,,,N,Y,39.3337037,-76.6026051
PAST SALE,April-28-2021,Townhouse,3726 Rexmere Rd,Baltimore,MD,21218,263000,4,2.0,Ward 9,2042,1722,1930,221,129,,Sold,,,https://www.redfin.com/MD/Baltimore/3726-Rexmere-Rd-21218/home/10824392,BRIGHT MLS,MDBA548944,N,Y,39.333915,-76.6021988
PAST SALE,December-13-2019,Townhouse,3933 Yolando Rd,Baltimore,MD,21218,199900,4,2.0,EDNOR  GARDENS,1800,,1941,723,111,,Sold,,,https://www.redfin.com/MD/Baltimore/3933-Yolando-Rd-21218/home/10826169,BRIGHT MLS,MDBA490016,N,Y,39.3362446,-76.5999871
PAST SALE,April-30-2020,Townhouse,3709 Elkader Rd,Baltimore,MD,21218,155000,3,1.5,Ward 9,1632,1088,1932,584,95,,Sold,,,https://www.redfin.com/MD/Baltimore/3709-Elkader-Rd-21218/home/10824328,BRIGHT MLS,MDBA496392,N,Y,39.3333207,-76.6025905
PAST SALE,,Townhouse,3707 Elkader Rd,Baltimore,MD,21218,225000,,2.0,,1360,1649,1932,,165,,,,,https://www.redfin.com/MD/Baltimore/3707-Elkader-Rd-21218/home/10824324,,,N,Y,39.3332856,-76.6026051
PAST SALE,,Condo/Co-op,1 E University Pkwy #1209,Baltimore,MD,21218,65000,,,,534,,1965,,122,,,,,https://www.redfin.com/MD/Baltimore/1-E-University-Pkwy-21218/unit-1209/home/10854217,,,N,Y,39.3313784,-76.6169047
PAST SALE,,Single Family Residential,1119 Springfield Ave,Baltimore,MD,21239,190000,,1.0,,1230,12597,1937,,154,,,,,https://www.redfin.com/MD/Baltimore/1119-Springfield-Ave-21239/home/11191933,,,N,Y,39.3429487,-76.5984918
PAST SALE,November-27-2019,Townhouse,1514 Greendale Rd,Baltimore,MD,21218,135000,3,2.0,NEW NORTHWOOD,1470,,1951,739,92,,Sold,,,https://www.redfin.com/MD/Baltimore/1514-Greendale-Rd-21218/home/10829079,BRIGHT MLS,MDBA486254,N,Y,39.33696,-76.5929903
PAST SALE,September-13-2021,Townhouse,434 E Lorraine Ave,Baltimore,MD,21218,164900,3,2.0,Ward 12,1544,925,1900,83,107,,Sold,,,https://www.redfin.com/MD/Baltimore/434-E-Lorraine-Ave-21218/home/10848711,BRIGHT MLS,MDBA2003048,N,Y,39.320224,-76.6101178
PAST SALE,,Townhouse,2425 Barclay St,Baltimore,MD,21218,55000,,1.5,,2280,1380,1900,,24,,,,,https://www.redfin.com/MD/Baltimore/2425-Barclay-St-21218/home/10847001,,,N,Y,39.31685,-76.6110592
PAST SALE,May-1-2020,Townhouse,3704 Rexmere Rd,Baltimore,MD,21218,195000,3,2.0,Ward 9,1400,1400,1930,583,139,,Sold,,,https://www.redfin.com/MD/Baltimore/3704-Rexmere-Rd-21218/home/10824364,BRIGHT MLS,MDBA506308,N,Y,39.3332581,-76.6021988
PAST SALE,April-26-2019,Townhouse,1000 Andover Rd,Baltimore,MD,21218,175000,3,1.5,EDNOR GARDENS,1200,3346,1942,954,146,,Sold,,,https://www.redfin.com/MD/Baltimore/1000-Andover-Rd-21218/home/10826025,BRIGHT MLS,MDBA438710,N,Y,39.3369514,-76.601026
PAST SALE,February-5-2019,Townhouse,3704 Elkader Rd,Baltimore,MD,21218,154650,3,1.5,EDNOR GARDENS-LAKESIDE,1660,1570,1932,1034,93,,Sold,,,https://www.redfin.com/MD/Baltimore/3704-Elkader-Rd-21218/home/10824255,BRIGHT MLS,MDBA247576,N,Y,39.3335772,-76.6030565
PAST SALE,,Townhouse,3705 Elkader Rd,Baltimore,MD,21218,177000,,1.5,,1358,1649,1932,,130,,,,,https://www.redfin.com/MD/Baltimore/3705-Elkader-Rd-21218/home/10824323,,,N,Y,39.3332259,-76.6026051
PAST SALE,May-13-2019,Townhouse,4012 Rexmere Rd,Baltimore,MD,21218,160000,3,2.0,EDNOR GARDENS,1424,1920,1952,937,112,,Sold,,,https://www.redfin.com/MD/Baltimore/4012-Rexmere-Rd-21218/home/10826072,BRIGHT MLS,MDBA306096,N,Y,39.3369224,-76.6022733
PAST SALE,June-28-2021,Multi-Family (2-4 Unit),101 E 33rd St,Baltimore,MD,21218,525000,4,4.0,Ward 12,2550,1186,1921,160,206,,Sold,,,https://www.redfin.com/MD/Baltimore/101-E-33rd-St-21218/home/10853716,BRIGHT MLS,MDBA551318,N,Y,39.3279138,-76.6153447
PAST SALE,December-27-2018,Townhouse,714 Chestnut Hill Ave,Baltimore,MD,21218,65625,3,2.0,WAVERLEY,1120,,1938,1074,59,,Sold,,,https://www.redfin.com/MD/Baltimore/714-Chestnut-Hill-Ave-21218/home/10805170,BRIGHT MLS,1009562084,N,Y,39.3343981,-76.6053133
PAST SALE,,Townhouse,710 Chestnut Hill Ave,Baltimore,MD,21218,183000,,1.0,,1120,1720,1938,,163,,,,,https://www.redfin.com/MD/Baltimore/710-Chestnut-Hill-Ave-21218/home/10805166,,,N,Y,39.3343676,-76.6054352
PAST SALE,July-29-2020,Townhouse,4004 The Alameda,Baltimore,MD,21218,159999,3,1.5,Ward 9,1472,4356,1953,494,109,,Sold,,,https://www.redfin.com/MD/Baltimore/4004-The-Alameda-21218/home/10825965,BRIGHT MLS,MDBA510996,N,Y,39.3373664,-76.5995357
PAST SALE,September-9-2021,Townhouse,1609 Shadyside Rd,Baltimore,MD,21218,180000,3,1.5,Ward 9,1644,1400,1942,87,109,,Sold,,,https://www.redfin.com/MD/Baltimore/1609-Shadyside-Rd-21218/home/10827477,BRIGHT MLS,MDBA2001934,N,Y,39.338455,-76.591103
PAST SALE,June-21-2021,Townhouse,3144 Ellerslie Ave,Baltimore,MD,21218,241000,3,2.5,Ward 9,2359,,1931,167,102,,Sold,,,https://www.redfin.com/MD/Baltimore/3144-Ellerslie-Ave-21218/home/10807055,BRIGHT MLS,MDBA546926,N,Y,39.3261349,-76.6046685
PAST SALE,September-17-2021,Townhouse,1538 Upshire Rd,Baltimore,MD,21218,240000,3,2.0,Ward 9,1770,2000,1951,79,136,,Sold,,,https://www.redfin.com/MD/Baltimore/1538-Upshire-Rd-21218/home/10828725,BRIGHT MLS,MDBA2007562,N,Y,39.3340438,-76.5928439
PAST SALE,,Townhouse,1214 Northview Rd,Baltimore,MD,21218,185000,,1.5,,1578,2329,1941,,117,,,,,https://www.redfin.com/MD/Baltimore/1214-Northview-Rd-21218/home/11191850,,,N,Y,39.342428,-76.598372
PAST SALE,,Townhouse,1525 Greendale Rd,Baltimore,MD,21218,125000,,2.0,,1360,1980,1952,,92,,,,,https://www.redfin.com/MD/Baltimore/1525-Greendale-Rd-21218/home/10829051,,,N,Y,39.3365655,-76.5925953
PAST SALE,March-12-2021,Townhouse,1805 E 31st St,Baltimore,MD,21218,185000,3,1.5,Ward 9,1280,1900,1923,268,145,,Sold,,,https://www.redfin.com/MD/Baltimore/1805-E-31st-St-21218/home/10815150,BRIGHT MLS,MDBA539104,N,Y,39.3259144,-76.5904624
PAST SALE,,Townhouse,1524 E 28th St,Baltimore,MD,21218,50000,,,,,1310,1930,,,,,,,https://www.redfin.com/MD/Baltimore/1524-E-28th-St-21218/home/10818771,,,N,Y,39.3240307,-76.5942769
PAST SALE,March-14-2019,Townhouse,974 North Hill Rd,Baltimore,MD,21218,119900,3,1.5,CITY OF BALTIMORE,1540,1140,1930,997,78,,Sold,,,https://www.redfin.com/MD/Baltimore/974-N-Hill-Rd-21218/home/10825828,BRIGHT MLS,1009985514,N,Y,39.3388795,-76.6010985
PAST SALE,September-28-2021,Townhouse,2303 Robb St,Baltimore,MD,21218,31000,3,1.0,Ward 9,1200,1376,1920,68,26,,Sold,,,https://www.redfin.com/MD/Baltimore/2303-Robb-St-21218/home/10813530,BRIGHT MLS,MDBA553492,N,Y,39.316061,-76.600216
PAST SALE,,Townhouse,2450 Greenmount Ave,Baltimore,MD,21218,350000,,,,,1900,1900,,,,,,,https://www.redfin.com/MD/Baltimore/2450-Greenmount-Ave-21218/home/10846903,,,N,Y,39.3172945,-76.6096577
PAST SALE,,Townhouse,964 N Hill Rd,Baltimore,MD,21218,72000,,1.0,,1140,2546,1939,,63,,,,,https://www.redfin.com/MD/Baltimore/964-N-Hill-Rd-21218/home/10825818,,,N,Y,39.3385222,-76.6012509
PAST SALE,November-15-2019,Townhouse,1212 Northview Rd,Baltimore,MD,21218,162000,3,1.0,ORIGINAL NORTHWOOD,1600,13068,1941,751,101,1,Sold,,,https://www.redfin.com/MD/Baltimore/1212-Northview-Rd-21218/home/11191848,BRIGHT MLS,MDBA470436,N,Y,39.3424138,-76.5984448
PAST SALE,April-3-2019,Townhouse,2304 Robb St,Baltimore,MD,21218,17600,3,1.0,EAST BALTIMORE - MIDWAY,,1376,1920,977,,,Sold,,,https://www.redfin.com/MD/Baltimore/2304-Robb-St-21218/home/10813696,BRIGHT MLS,MDBA305064,N,Y,39.3163066,-76.6005638
PAST SALE,,Townhouse,2032 Kennedy Ave,Baltimore,MD,21218,39000,,,,,1350,1920,,,,,,,https://www.redfin.com/MD/Baltimore/2032-Kennedy-Ave-21218/home/10812712,,,N,Y,39.3138793,-76.6040269
PAST SALE,,Townhouse,1700 E 28th St,Baltimore,MD,21218,73000,,,,,1364,1920,,,,,,,https://www.redfin.com/MD/Baltimore/1700-E-28th-St-21218/home/10820471,,,N,Y,39.3240426,-76.5917376
PAST SALE,,Townhouse,610 Melville Ave,Baltimore,MD,21218,159650,,1.0,,1280,1860,1927,,125,,,,,https://www.redfin.com/MD/Baltimore/610-Melville-Ave-21218/home/10823128,,,N,Y,39.3317443,-76.6070645
PAST SALE,December-31-2019,Townhouse,808 E 35th St,Baltimore,MD,21218,213000,3,2.0,WAVERLY / EDNOR GARDENS,1360,,1920,705,157,,Sold,,,https://www.redfin.com/MD/Baltimore/808-E-35th-St-21218/home/10822916,BRIGHT MLS,MDBA489948,N,Y,39.3308444,-76.6047571
PAST SALE,,Single Family Residential,3117 Barclay St,Baltimore,MD,21218,235000,,1.0,,1050,2310,1900,,224,,,,,https://www.redfin.com/MD/Baltimore/3117-Barclay-St-21218/home/10855514,,,N,Y,39.3268185,-76.6108199
PAST SALE,,Townhouse,2233 Cecil Ave,Baltimore,MD,21218,136000,,,,,1260,1920,,,,,,,https://www.redfin.com/MD/Baltimore/2233-Cecil-Ave-21218/home/10812789,,,N,Y,39.314273,-76.6041599
PAST SALE,June-30-2021,Townhouse,2310 Robb St,Baltimore,MD,21218,46500,3,1.0,Ward 9,,1384,1920,158,,,Sold,,,https://www.redfin.com/MD/Baltimore/2310-Robb-St-21218/home/10813703,BRIGHT MLS,MDBA550630,N,Y,39.316416,-76.6004645
PAST SALE,June-4-2019,Townhouse,2302 Garrett Ave,Baltimore,MD,21218,30000,3,1.0,MIDWAY,1500,,1920,915,20,,Sold,,,https://www.redfin.com/MD/Baltimore/2302-Garrett-Ave-21218/home/10813761,BRIGHT MLS,MDBA439858,N,Y,39.3166497,-76.6013186
PAST SALE,September-27-2021,Townhouse,1001 Darley Ave,Baltimore,MD,21218,53000,4,1.0,Ward 9,,,1920,69,,,Sold,,,https://www.redfin.com/MD/Baltimore/1001-Darley-Ave-21218/home/10813650,BRIGHT MLS,MDBA2009274,N,Y,39.3169583,-76.6005513
PAST SALE,,Townhouse,1015 Darley Ave,Baltimore,MD,21218,51050,,,,,1200,1920,,,,,,,https://www.redfin.com/MD/Baltimore/1015-Darley-Ave-21218/home/10813667,,,N,Y,39.3167595,-76.6002127
PAST SALE,February-10-2021,Townhouse,2002 Robb St,Baltimore,MD,21218,10500,3,1.0,Ward 9,980,,1915,298,11,,Sold,,,https://www.redfin.com/MD/Baltimore/2002-Robb-St-21218/home/10812554,BRIGHT MLS,MDBA530184,N,Y,39.313252,-76.60363
PAST SALE,February-5-2019,Townhouse,2033 Kennedy Ave,Baltimore,MD,21218,34000,2,2.0,EAST BALTIMORE - MIDWAY,,1350,1915,1034,,,Sold,,,https://www.redfin.com/MD/Baltimore/2033-Kennedy-Ave-21218/home/10812656,BRIGHT MLS,MDBA303178,N,Y,39.3137098,-76.6035981
PAST SALE,January-11-2021,Townhouse,3009 Mathews St,Baltimore,MD,21218,133450,3,2.0,Ward 9,1176,1400,1920,328,113,,Sold,,,https://www.redfin.com/MD/Baltimore/3009-Mathews-St-21218/home/10806863,BRIGHT MLS,MDBA530434,N,Y,39.3246596,-76.6068301
PAST SALE,,Townhouse,726 E 33rd St,Baltimore,MD,21218,229000,,1.0,,1720,2090,1915,,133,,,,,https://www.redfin.com/MD/Baltimore/726-E-33rd-St-21218/home/10806085,,,N,Y,39.3286799,-76.6051892
PAST SALE,February-26-2021,Single Family Residential,3400 Old York Rd,Baltimore,MD,21218,90000,2,1.0,Ward 9,1176,100,1874,282,77,,Sold,,,https://www.redfin.com/MD/Baltimore/3400-Old-York-Rd-21218/home/10805562,BRIGHT MLS,MDBA529958,N,Y,39.3299371,-76.6085406
PAST SALE,August-29-2019,Townhouse,1608 Ralworth Rd,Baltimore,MD,21218,147000,3,1.5,NORTHWOOD,1644,2178,1941,829,89,,Sold,,,https://www.redfin.com/MD/Baltimore/1608-Ralworth-Rd-21218/home/10827150,BRIGHT MLS,MDBA476918,N,Y,39.3395992,-76.5909491
PAST SALE,September-10-2021,Townhouse,2616 Aisquith St,Baltimore,MD,21218,90000,2,2.0,COLDSTREAM HOMESTEAD MONTEBELLO,,1125,1940,86,,,Sold,,,https://www.redfin.com/MD/Baltimore/2616-Aisquith-St-21218/home/10816627,BRIGHT MLS,MDBA540432,N,Y,39.3194021,-76.5964549
PAST SALE,April-2-2021,Townhouse,1608 Homestead St,Baltimore,MD,21218,145000,3,2.0,Ward 9,,1260,1940,247,,,Sold,,,https://www.redfin.com/MD/Baltimore/1608-Homestead-St-21218/home/10817290,BRIGHT MLS,MDBA533962,N,Y,39.3212485,-76.5957527
PAST SALE,,Townhouse,3523 Newland Rd,Baltimore,MD,21218,400000,,2.5,,2752,3192,1917,,145,,,,,https://www.redfin.com/MD/Baltimore/3523-Newland-Rd-21218/home/10851776,,,N,Y,39.331802,-76.610119
PAST SALE,,Townhouse,1508 Gorsuch Ave,Baltimore,MD,21218,48000,,,,,5760,1920,,,,,,,https://www.redfin.com/MD/Baltimore/1508-Gorsuch-Ave-21218/home/10818211,,,N,Y,39.3226557,-76.5965677
PAST SALE,August-5-2020,Multi-Family (2-4 Unit),1511 Carswell St,Baltimore,MD,21218,199500,,,Ward 9,,,1920,487,,,Sold,,,https://www.redfin.com/MD/Baltimore/1511-Carswell-St-21218/home/10818306,BRIGHT MLS,MDBA510186,N,Y,39.3231119,-76.5964809
PAST SALE,August-19-2020,Townhouse,1507 Carswell St,Baltimore,MD,21218,37500,3,1.0,Ward 9,,1260,1920,473,,,Sold,,,https://www.redfin.com/MD/Baltimore/1507-Carswell-St-21218/home/10818312,BRIGHT MLS,MDBA509158,N,Y,39.3231702,-76.5966389
PAST SALE,July-14-2020,Townhouse,1534 Carswell St,Baltimore,MD,21218,20350,3,1.5,Ward 9,,1530,1920,509,,,Sold,,,https://www.redfin.com/MD/Baltimore/1534-Carswell-St-21218/home/10818344,BRIGHT MLS,MDBA503502,N,Y,39.323097,-76.595823
PAST SALE,,Townhouse,1548 Gorsuch Ave,Baltimore,MD,21218,340000,,,,,1260,1920,,,,,,,https://www.redfin.com/MD/Baltimore/1548-Gorsuch-Ave-21218/home/10818244,,,N,Y,39.322078,-76.5956566
PAST SALE,October-25-2019,Townhouse,2254 Cecil Ave,Baltimore,MD,21218,105000,4,2.0,BALTIMORE EAST,,1246,1920,772,,,Sold,,,https://www.redfin.com/MD/Baltimore/2254-Cecil-Ave-21218/home/10812887,BRIGHT MLS,MDBA477070,N,Y,39.3148576,-76.6042532
PAST SALE,July-31-2019,Townhouse,1547 Abbotston St,Baltimore,MD,21218,21000,3,1.0,BALTIMORE,1350,1260,1920,858,16,,Sold,,,https://www.redfin.com/MD/Baltimore/1547-Abbotston-St-21218/home/10818445,BRIGHT MLS,MDBA465848,N,Y,39.3232211,-76.5954059
PAST SALE,March-18-2020,Townhouse,929 Bonaparte Ave,Baltimore,MD,21218,80000,2,1.0,Ward 9,,,1951,627,,,Sold,,,https://www.redfin.com/MD/Baltimore/929-Bonaparte-Ave-21218/home/10813880,BRIGHT MLS,MDBA492272,N,Y,39.316186,-76.60174
PAST SALE,July-2-2021,Townhouse,2007 Cecil Ave,Baltimore,MD,21218,110000,2,1.5,Ward 9,1372,,1920,156,80,,Sold,,,https://www.redfin.com/MD/Baltimore/2007-Cecil-Ave-21218/home/10812971,BRIGHT MLS,MDBA547060,N,Y,39.3132359,-76.6049974
PAST SALE,July-21-2020,Townhouse,2010 Boone St,Baltimore,MD,21218,32000,3,2.0,Ward 9,,1800,1920,502,,,Sold,,,https://www.redfin.com/MD/Baltimore/2010-Boone-St-21218/home/10809954,BRIGHT MLS,MDBA505868,N,Y,39.3131621,-76.6086309
PAST SALE,March-25-2021,Townhouse,338 E Lorraine Ave,Baltimore,MD,21218,264000,4,3.0,Ward 12,1782,,1900,255,148,,Sold,,,https://www.redfin.com/MD/Baltimore/338-E-Lorraine-Ave-21218/home/10848937,BRIGHT MLS,MDBA536576,N,Y,39.3203998,-76.6112716
PAST SALE,February-21-2019,Townhouse,902 Andover Rd,Baltimore,MD,21218,125000,3,1.5,EDNOR GARDENS,1200,,1942,1018,104,,Sold,,,https://www.redfin.com/MD/Baltimore/902-Andover-Rd-21218/home/10826010,BRIGHT MLS,1003697792,N,Y,39.3369429,-76.6016616
PAST SALE,June-25-2019,Townhouse,518 21st St,Baltimore,MD,21218,318156,3,2.5,BARCLAY,1800,1260,2018,894,177,,Sold,,,https://www.redfin.com/MD/Baltimore/518-E-21st-St-21218/home/147159530,BRIGHT MLS,1006146034,N,Y,39.313755,-76.608892
PAST SALE,August-25-2020,Townhouse,517 E 21st St E,Baltimore,MD,21218,239900,4,2.5,Ward 9,2800,61071120,1920,467,86,,Sold,,,https://www.redfin.com/MD/Baltimore/517-E-21st-St-21218/home/10809967,BRIGHT MLS,MDBA509812,N,Y,39.3133756,-76.6089242
PAST SALE,April-30-2020,Townhouse,515 E 21st St,Baltimore,MD,21218,225000,4,2.5,Ward 9,2800,1343,1920,584,80,,Sold,,,https://www.redfin.com/MD/Baltimore/515-E-21st-St-21218/home/10809968,BRIGHT MLS,MDBA497496,N,Y,39.313332,-76.60898
PAST SALE,August-2-2019,Townhouse,525 E 22nd St,Baltimore,MD,21218,11000,5,3.0,EAST BALTIMORE - MIDWAY,,1350,,856,,,Sold,,,https://www.redfin.com/MD/Baltimore/525-E-22nd-St-21218/home/10808874,BRIGHT MLS,MDBA468816,N,Y,39.3143874,-76.6087211
PAST SALE,May-29-2020,Townhouse,516 E 21st St,Baltimore,MD,21218,289000,3,2.5,MIDWAY,1800,2000,2019,555,161,,Sold,,,https://www.redfin.com/MD/Baltimore/516-E-21st-St-21218/home/10808849,BRIGHT MLS,MDBA483438,N,Y,39.313753,-76.6089439
PAST SALE,June-8-2021,Townhouse,523 E 22nd St,Baltimore,MD,21218,97500,4,2.0,Ward 9,,,1920,180,,,Sold,,,https://www.redfin.com/MD/Baltimore/523-E-22nd-St-21218/home/10808876,BRIGHT MLS,MDBA529102,N,Y,39.3143927,-76.6087663
PAST SALE,May-6-2021,Townhouse,530 E 21st St,Baltimore,MD,21218,357950,3,2.5,Ward 9,2190,1260,2021,213,163,,Sold,,,https://www.redfin.com/MD/Baltimore/530-E-21st-St-21218/home/10808859,BRIGHT MLS,MDBA537652,N,Y,39.313767,-76.608586
PAST SALE,,Townhouse,510 E 21st St,Baltimore,MD,21218,265000,5,4.5,,3100,2610,1920,,85,,,,,https://www.redfin.com/MD/Baltimore/510-E-21st-St-21218/home/10808846,,,N,Y,39.3137479,-76.6091
PAST SALE,February-3-2021,Townhouse,2102 Homewood Ave,Baltimore,MD,21218,205500,5,1.5,EAST BALTIMORE MIDWAY,2400,1860,1920,305,86,,Sold,,,https://www.redfin.com/MD/Baltimore/2102-Homewood-Ave-21218/home/10808945,BRIGHT MLS,MDBA527882,N,Y,39.3140859,-76.6075025
PAST SALE,November-11-2020,Townhouse,2225 Homewood Ave,Baltimore,MD,21218,33000,3,1.0,Ward 9,,1500,1920,389,,,Sold,,,https://www.redfin.com/MD/Baltimore/2225-Homewood-Ave-21218/home/10809036,BRIGHT MLS,MDBA527382,N,Y,39.3152347,-76.6069383
PAST SALE,April-22-2020,Townhouse,720 Bartlett Ave,Baltimore,MD,21218,16000,3,1.0,Ward 9,,982,1920,592,,,Sold,,,https://www.redfin.com/MD/Baltimore/720-Bartlett-Ave-21218/home/10808293,BRIGHT MLS,MDBA505274,N,Y,39.3160463,-76.6058474
PAST SALE,,Townhouse,726 Bartlett Ave,Baltimore,MD,21218,55000,,,,,996,1920,,,,,,,https://www.redfin.com/MD/Baltimore/726-Bartlett-Ave-21218/home/10808304,,,N,Y,39.315967,-76.6057478
PAST SALE,,Townhouse,748 Bartlett Ave,Baltimore,MD,21218,52370,,,,,1037,1920,,,,,,,https://www.redfin.com/MD/Baltimore/748-Bartlett-Ave-21218/home/10808338,,,N,Y,39.3156968,-76.6053167
PAST SALE,July-29-2020,Townhouse,701 E 22nd St,Baltimore,MD,21218,130000,5,2.5,Ward 9,2400,1350,1920,494,54,,Sold,,,https://www.redfin.com/MD/Baltimore/701-E-22nd-St-21218/home/10809000,BRIGHT MLS,MDBA504472,N,Y,39.3144223,-76.6083375
PAST SALE,,Townhouse,1734 Homestead St,Baltimore,MD,21218,60000,,,,,1260,1940,,,,,,,https://www.redfin.com/MD/Baltimore/1734-Homestead-St-21218/home/10817470,,,N,Y,39.3200866,-76.5939044
PAST SALE,February-10-2021,Townhouse,617 Cokesbury Ave,Baltimore,MD,21218,20000,3,1.0,Ward 9,,,1924,298,,,Sold,,,https://www.redfin.com/MD/Baltimore/617-Cokesbury-Ave-21218/home/10809364,BRIGHT MLS,MDBA537546,N,Y,39.3162625,-76.6080667
PAST SALE,June-15-2020,Townhouse,514 E 23rd St,Baltimore,MD,21218,31500,3,1.0,Ward 9,,1190,1924,538,,,Sold,,,https://www.redfin.com/MD/Baltimore/514-E-23rd-St-21218/home/10809390,BRIGHT MLS,MDBA502696,N,Y,39.3155913,-76.6089694
PAST SALE,,Townhouse,2125 Homewood Ave,Baltimore,MD,21218,115000,,,,,1650,1920,,,,,,,https://www.redfin.com/MD/Baltimore/2125-Homewood-Ave-21218/home/10809253,,,N,Y,39.31402,-76.606967
PAST SALE,February-14-2020,Townhouse,805 E 22nd St,Baltimore,MD,21218,41159,3,1.0,Ward 9,,1306,1920,660,,,Sold,,,https://www.redfin.com/MD/Baltimore/805-E-22nd-St-21218/home/10809285,BRIGHT MLS,MDBA493376,N,Y,39.3144584,-76.6065997
PAST SALE,August-13-2019,Townhouse,2127 Aiken St,Baltimore,MD,21218,11550,3,1.0,EAST BALTIMORE - MIDWAY,,800,1920,845,,,Sold,,,https://www.redfin.com/MD/Baltimore/2127-Aiken-St-21218/home/10813958,BRIGHT MLS,MDBA469474,N,Y,39.3145486,-76.5996566
PAST SALE,,Townhouse,663 Gutman Ave,Baltimore,MD,21218,120000,,,,,2568,1920,,,,,,,https://www.redfin.com/MD/Baltimore/663-Gutman-Ave-21218/home/10808636,,,N,Y,39.3167918,-76.6062259
PAST SALE,July-8-2020,Townhouse,1306 Bonaparte Ave,Baltimore,MD,21218,19900,3,1.0,Ward 9,,1306,1925,515,,,Sold,,,https://www.redfin.com/MD/Baltimore/1306-Bonaparte-Ave-21218/home/10813890,BRIGHT MLS,MDBA505400,N,Y,39.3146322,-76.5984619
PAST SALE,,Townhouse,614 Bartlett Ave,Baltimore,MD,21218,85000,,,,,1536,1920,,,,,,,https://www.redfin.com/MD/Baltimore/614-Bartlett-Ave-21218/home/10808520,,,N,Y,39.3170691,-76.6072994
PAST SALE,October-1-2019,Townhouse,625 Bartlett Ave,Baltimore,MD,21218,18150,3,1.0,EAST BALTIMORE MIDWAY,,,1920,796,,,Sold,,,https://www.redfin.com/MD/Baltimore/625-Bartlett-Ave-21218/home/10808461,BRIGHT MLS,MDBA463062,N,Y,39.316569,-76.607309
PAST SALE,July-8-2019,Townhouse,617 Gutman Ave,Baltimore,MD,21218,14000,3,1.0,EAST BALTIMORE - MIDWAY,,1224,1920,881,,,Sold,,,https://www.redfin.com/MD/Baltimore/617-Gutman-Ave-21218/home/10808592,BRIGHT MLS,MDBA466092,N,Y,39.3173918,-76.6071639
PAST SALE,December-21-2018,Townhouse,708 Montpelier St,Baltimore,MD,21218,64000,3,2.0,MONTPELIER,1024,,1956,1080,63,,Sold,,,https://www.redfin.com/MD/Baltimore/708-Montpelier-St-21218/home/10807120,BRIGHT MLS,MDBA100762,N,Y,39.325918,-76.606623
PAST SALE,October-11-2019,Townhouse,763 Mckewin Ave,Baltimore,MD,21218,165000,4,2.0,WAVERLY,1700,,1927,786,97,,Sold,,,https://www.redfin.com/MD/Baltimore/763-McKewin-Ave-21218/home/10823616,BRIGHT MLS,MDBA467652,N,Y,39.3325056,-76.604352
PAST SALE,January-3-2020,Townhouse,1152 Gorsuch Ave,Baltimore,MD,21218,31000,3,1.0,BETTER WAVERLY,1024,1306,1929,702,30,,Sold,,,https://www.redfin.com/MD/Baltimore/1152-Gorsuch-Ave-21218/home/10805321,BRIGHT MLS,MDBA486494,N,Y,39.3251616,-76.6007686
PAST SALE,,Townhouse,3206 Loch Raven Blvd,Baltimore,MD,21218,100000,,2.5,,1280,2185,1934,,78,,,,,https://www.redfin.com/MD/Baltimore/3206-Loch-Raven-Blvd-21218/home/10805334,,,N,Y,39.3251295,-76.6003594
PAST SALE,March-26-2021,Townhouse,3203 Independence St,Baltimore,MD,21218,100000,2,1.0,Ward 9,1036,1000,1890,254,97,,Sold,,,https://www.redfin.com/MD/Baltimore/3203-Independence-St-21218/home/10805259,BRIGHT MLS,MDBA540588,N,Y,39.325929,-76.602058
PAST SALE,February-27-2020,Single Family Residential,3410 Old York Rd,Baltimore,MD,21218,188000,3,3.0,Ward 9,1450,,1900,647,130,,Sold,,,https://www.redfin.com/MD/Baltimore/3410-Old-York-Rd-21218/home/10805552,BRIGHT MLS,MDBA495404,N,Y,39.330253,-76.608518
PAST SALE,August-16-2021,Single Family Residential,3336 Old York Rd,Baltimore,MD,21218,159900,2,2.0,Ward 9,988,871,1900,111,162,,Sold,,,https://www.redfin.com/MD/Baltimore/3336-Old-York-Rd-21218/home/10805508,BRIGHT MLS,MDBA2002330,N,Y,39.3293996,-76.6085406
PAST SALE,February-27-2020,Townhouse,616 Parkwyrth Ave,Baltimore,MD,21218,80000,3,2.0,Ward 9,1336,1500,1941,647,60,,Sold,,,https://www.redfin.com/MD/Baltimore/616-Parkwyrth-Ave-21218/home/10805034,BRIGHT MLS,MDBA491506,N,Y,39.3350513,-76.6069271
PAST SALE,October-22-2019,Townhouse,554 E 38th St,Baltimore,MD,21218,180000,4,2.0,WAVERLY / EDNOR GARDENS,1220,1780,1922,775,148,,Sold,,,https://www.redfin.com/MD/Baltimore/554-E-38th-St-21218/home/10803379,BRIGHT MLS,MDBA481554,N,Y,39.3355308,-76.6076753
PAST SALE,August-19-2021,Townhouse,3041 Guilford Ave,Baltimore,MD,21218,305000,3,2.5,Ward 12,2239,1440,1900,108,136,,Sold,,,https://www.redfin.com/MD/Baltimore/3041-Guilford-Ave-21218/home/10854703,BRIGHT MLS,MDBA555076,N,Y,39.3255712,-76.6130992
PAST SALE,September-15-2021,Multi-Family (2-4 Unit),2740 N Calvert St,Baltimore,MD,21218,420000,3,3.0,Ward 12,2314,2030,1900,81,182,,Sold,,,https://www.redfin.com/MD/Baltimore/2740-N-Calvert-St-21218/home/10847928,BRIGHT MLS,MDBA2002034,N,Y,39.3217665,-76.6147918
PAST SALE,,Townhouse,430 E Lorraine Ave,Baltimore,MD,21218,140000,,1.0,,1344,926,1900,,104,,,,,https://www.redfin.com/MD/Baltimore/430-E-Lorraine-Ave-21218/home/10848708,,,N,Y,39.3202264,-76.6102187
PAST SALE,August-5-2019,Townhouse,1537 Tunlaw Rd,Baltimore,MD,21218,160000,3,2.0,BALTIMORE CITY,1360,1360,1952,853,118,,Sold,,,https://www.redfin.com/MD/Baltimore/1537-Tunlaw-Rd-21218/home/10828884,BRIGHT MLS,MDBA383658,N,Y,39.3351004,-76.5925065
PAST SALE,August-27-2021,Townhouse,613 E 35th St,Baltimore,MD,21218,215000,2,2.5,Ward 9,1440,2879,1905,100,149,,Sold,,,https://www.redfin.com/MD/Baltimore/613-E-35th-St-21218/home/10805617,BRIGHT MLS,MDBA2001366,N,Y,39.3305946,-76.6072655
PAST SALE,,Townhouse,1105 Bonaparte Ave,Baltimore,MD,21218,56825,,,,,1280,1920,,,,,,,https://www.redfin.com/MD/Baltimore/1105-Bonaparte-Ave-21218/home/10813582,,,N,Y,39.315617,-76.600722
PAST SALE,October-13-2021,Townhouse,1617 Lochwood Rd,Baltimore,MD,21218,175000,3,1.5,Ward 27,1463,1306,1947,53,120,,Sold,,,https://www.redfin.com/MD/Baltimore/1617-Lochwood-Rd-21218/home/11147257,BRIGHT MLS,MDBA2004606,N,Y,39.342486,-76.588684
PAST SALE,,Townhouse,1208 Darley Ave,Baltimore,MD,21218,75000,,,,,1280,1920,,,,,,,https://www.redfin.com/MD/Baltimore/1208-Darley-Ave-21218/home/10813246,,,N,Y,39.316293,-76.59874
PAST SALE,,Townhouse,2310 Aisquith St,Baltimore,MD,21218,51000,,,,,1360,1920,,,,,,,https://www.redfin.com/MD/Baltimore/2310-Aisquith-St-21218/home/10813521,,,N,Y,39.3159801,-76.5997351
PAST SALE,July-29-2019,Townhouse,1509 Ralworth Rd,Baltimore,MD,21218,120000,3,2.0,NORTHWOOD,1600,,1939,860,75,,Sold,,,https://www.redfin.com/MD/Baltimore/1509-Ralworth-Rd-21218/home/10826921,BRIGHT MLS,MDBA469670,N,Y,39.338996,-76.592923
PAST SALE,,Townhouse,519 Rose Hill Ter,Baltimore,MD,21218,135000,,1.0,,1530,1890,1911,,88,,,,,https://www.redfin.com/MD/Baltimore/519-Rose-Hill-Ter-21218/home/10803288,,,N,Y,39.3385507,-76.6082068
PAST SALE,,Townhouse,2334 Aiken St,Baltimore,MD,21218,37000,,,,,4128,1920,,,,,,,https://www.redfin.com/MD/Baltimore/2334-Aiken-St-21218/home/10813294,,,N,Y,39.3167665,-76.5979382
PAST SALE,,Townhouse,1203 Darley Ave,Baltimore,MD,21218,133334,,,,,1275,1920,,,,,,,https://www.redfin.com/MD/Baltimore/1203-Darley-Ave-21218/home/10813380,,,N,Y,39.3160953,-76.5991294
PAST SALE,November-27-2019,Townhouse,601 E 36th St,Baltimore,MD,21218,152000,4,2.0,WAVERLY,2088,1622,1927,739,73,,Sold,,,https://www.redfin.com/MD/Baltimore/601-E-36th-St-21218/home/10823063,BRIGHT MLS,MDBA474884,N,Y,39.3320824,-76.6073927
PAST SALE,November-22-2019,Townhouse,2309 Aisquith St,Baltimore,MD,21218,32000,3,1.5,BALTIMORE,,,1920,744,,,Sold,,,https://www.redfin.com/MD/Baltimore/2309-Aisquith-St-21218/home/10813362,BRIGHT MLS,MDBA475558,N,Y,39.3157764,-76.599468
PAST SALE,,Townhouse,1010 Darley Ave,Baltimore,MD,21218,51000,,,,,1280,1920,,,,,,,https://www.redfin.com/MD/Baltimore/1010-Darley-Ave-21218/home/10813615,,,N,Y,39.3170968,-76.6000322
PAST SALE,November-4-2020,Townhouse,804 Cator Ave,Baltimore,MD,21218,52000,3,1.0,Ward 9,1440,,1910,396,36,,Sold,,,https://www.redfin.com/MD/Baltimore/804-Cator-Ave-21218/home/10804916,BRIGHT MLS,MDBA512436,N,Y,39.3392584,-76.6045742
PAST SALE,,Townhouse,524 Rose Hill Ter,Baltimore,MD,21218,108700,3,1.5,,1470,1890,1916,,74,,,,,https://www.redfin.com/MD/Baltimore/524-Rose-Hill-Ter-21218/home/10803196,,,N,Y,39.3388316,-76.607989
PAST SALE,,Townhouse,1207 Northview Rd,Baltimore,MD,21218,203000,,1.0,,1600,4189,1946,,127,,,,,https://www.redfin.com/MD/Baltimore/1207-Northview-Rd-21218/home/11191800,,,N,Y,39.3420838,-76.5980009
PAST SALE,September-9-2021,Townhouse,1008 Darley Ave,Baltimore,MD,21218,50000,3,1.0,Ward 9,,1280,1920,87,,,Sold,,,https://www.redfin.com/MD/Baltimore/1008-Darley-Ave-21218/home/10813611,BRIGHT MLS,MDBA530758,N,Y,39.3171279,-76.600075
PAST SALE,June-18-2021,Townhouse,2227 Homewood Ave,Baltimore,MD,21218,154000,4,2.0,Ward 9,,2952,1920,170,,,Sold,,,https://www.redfin.com/MD/Baltimore/2227-Homewood-Ave-21218/home/10809039,BRIGHT MLS,MDBA533002,N,Y,39.3152772,-76.6069608
PAST SALE,November-21-2019,Single Family Residential,825 E 41st St,Baltimore,MD,21218,56000,4,1.5,BALTIMORE CITY,1584,3600,1920,745,35,,Sold,,,https://www.redfin.com/MD/Baltimore/825-E-41st-St-21218/home/10804940,BRIGHT MLS,MDBA490186,N,Y,39.3396379,-76.6037339
PAST SALE,,Townhouse,3009 Abell Ave,Baltimore,MD,21218,50000,,1.0,,1654,1550,1900,,30,,,,,https://www.redfin.com/MD/Baltimore/3009-Abell-Ave-21218/home/10854836,,,N,Y,39.3249891,-76.6117791
PAST SALE,October-5-2021,Townhouse,508 E 23rd St,Baltimore,MD,21218,60000,3,1.0,Ward 9,,,1924,61,,,Sold,,,https://www.redfin.com/MD/Baltimore/508-E-23rd-St-21218/home/10809383,BRIGHT MLS,MDBA2000892,N,Y,39.3156279,-76.6091491
PAST SALE,,Townhouse,825 Belgian Ave,Baltimore,MD,21218,70000,,1.0,,1260,1400,1916,,56,,,,,https://www.redfin.com/MD/Baltimore/825-Belgian-Ave-21218/home/10804874,,,N,Y,39.34028,-76.604207
PAST SALE,December-28-2018,Townhouse,516 Rose Hill Ter,Baltimore,MD,21218,150000,3,2.0,BALTIMORE CITY,2195,,1911,1073,68,,Sold,,,https://www.redfin.com/MD/Baltimore/516-Rose-Hill-Ter-21218/home/10803189,BRIGHT MLS,MDBA160072,N,Y,39.3387949,-76.6083058
PAST SALE,,Townhouse,502 E 36th St,Baltimore,MD,21218,119500,,1.0,,1242,1638,1929,,96,,,,,https://www.redfin.com/MD/Baltimore/502-E-36th-St-21218/home/10822593,,,N,Y,39.332805,-76.608857
PAST SALE,December-18-2018,Townhouse,2838 Harford Rd,Baltimore,MD,21218,21000,4,2.0,BALTIMORE,1000,1100,1920,1083,21,,Sold,,,https://www.redfin.com/MD/Baltimore/2838-Harford-Rd-21218/home/10819631,BRIGHT MLS,1008357024,N,Y,39.3222448,-76.5898981
PAST SALE,,Townhouse,712 Belgian Ave,Baltimore,MD,21218,90000,,1.0,,1152,1599,1937,,78,,,,,https://www.redfin.com/MD/Baltimore/712-Belgian-Ave-21218/home/11193033,,,N,Y,39.3404141,-76.6061636
PAST SALE,April-19-2019,Townhouse,1921 Cecil Ave,Baltimore,MD,21218,17000,3,1.0,BALTIMORE,,,1920,961,,,Sold,,,https://www.redfin.com/MD/Baltimore/1921-Cecil-Ave-21218/home/10809830,BRIGHT MLS,1000207772,N,Y,39.3125058,-76.6048845
PAST SALE,,Townhouse,1006 E North Ave,Baltimore,MD,21202,75000,,,,,1290,1920,,,,,,,https://www.redfin.com/MD/Baltimore/1006-E-North-Ave-21202/home/10809791,,,N,Y,39.3119045,-76.6048815
PAST SALE,November-22-2019,Townhouse,1507 Sheffield Rd,Baltimore,MD,21218,198450,3,2.0,NORTHWOOD AREA,1804,,1942,744,110,,Sold,,,https://www.redfin.com/MD/Baltimore/1507-Sheffield-Rd-21218/home/11145984,BRIGHT MLS,MDBA476340,N,Y,39.341759,-76.591998
PAST SALE,July-23-2021,Single Family Residential,4101 Frisby St,Baltimore,MD,21218,180000,4,1.5,Ward 9,1800,4268,1920,135,100,,Sold,,,https://www.redfin.com/MD/Baltimore/4101-Frisby-St-21218/home/10803715,BRIGHT MLS,MDBA551658,N,Y,39.3401033,-76.6061822
PAST SALE,January-15-2021,Single Family Residential,4205 Westview Rd,Baltimore,MD,21218,295000,4,3.0,Ward 27,2027,13756,1955,324,146,2,Sold,,,https://www.redfin.com/MD/Baltimore/4205-Westview-Rd-21218/home/11191792,BRIGHT MLS,MDBA530672,N,Y,39.3418951,-76.5984298
PAST SALE,January-23-2019,Townhouse,1511 Medford Rd,Baltimore,MD,21218,194700,4,2.0,EDNOR GARDENS-LAKESIDE,1972,1990,1951,1047,99,,Sold,,,https://www.redfin.com/MD/Baltimore/1511-Medford-Rd-21218/home/10828953,BRIGHT MLS,MDBA296624,N,Y,39.3358214,-76.5932268
PAST SALE,,Townhouse,1911 Oakhill Ave,Baltimore,MD,21218,47900,,,,,1400,,,,,,,,https://www.redfin.com/MD/Baltimore/1911-Oakhill-Ave-21218/home/10809777,,,N,Y,39.312257,-76.6058879
PAST SALE,June-4-2021,Townhouse,1230 Bonaparte Ave,Baltimore,MD,21218,34000,3,1.0,Ward 9,,1120,1920,184,,,Sold,,,https://www.redfin.com/MD/Baltimore/1230-Bonaparte-Ave-21218/home/10813158,BRIGHT MLS,MDBA548014,N,Y,39.3150042,-76.598994
PAST SALE,,Townhouse,744 Belgian Ave,Baltimore,MD,21218,115000,,1.5,,1274,2112,1937,,90,,,,,https://www.redfin.com/MD/Baltimore/744-Belgian-Ave-21218/home/11193004,,,N,Y,39.3406779,-76.605211
PAST SALE,May-20-2020,Townhouse,1919 Homewood Ave,Baltimore,MD,21218,14000,3,1.0,EAST BALTIMORE MIDWAY,,1428,1920,564,,,Sold,,,https://www.redfin.com/MD/Baltimore/1919-Homewood-Ave-21218/home/10809698,BRIGHT MLS,MDBA484018,N,Y,39.3123671,-76.6069383
PAST SALE,July-17-2019,Single Family Residential,1700 E 33rd St,Baltimore,MD,21218,293000,4,3.0,EDNOR GARDEN  - LAKESIDE,3520,8160,1925,872,83,,Sold,,,https://www.redfin.com/MD/Baltimore/1700-E-33rd-St-21218/home/10822369,BRIGHT MLS,MDBA303692,N,Y,39.3287138,-76.591831
PAST SALE,July-23-2021,Townhouse,1706 E 30th St,Baltimore,MD,21218,85000,3,1.5,Ward 9,1392,1358,1924,135,61,,Sold,,,https://www.redfin.com/MD/Baltimore/1706-E-30th-St-21218/home/10815028,BRIGHT MLS,MDBA539456,N,Y,39.3255261,-76.591679
PAST SALE,September-10-2021,Townhouse,518 E 39th St,Baltimore,MD,21218,240000,3,1.5,Ward 9,1654,,1930,86,145,,Sold,,,https://www.redfin.com/MD/Baltimore/518-E-39th-St-21218/home/10803504,BRIGHT MLS,MDBA2001970,N,Y,39.3366637,-76.6081795
PAST SALE,,Single Family Residential,1511 Lakeside Ave,Baltimore,MD,21218,255000,,1.0,,2000,5500,1925,,128,,,,,https://www.redfin.com/MD/Baltimore/1511-Lakeside-Ave-21218/home/10822308,,,N,Y,39.3291407,-76.593453
PAST SALE,,Single Family Residential,1707 Windemere Ave,Baltimore,MD,21218,275000,,1.0,,1496,5250,1925,,184,,,,,https://www.redfin.com/MD/Baltimore/1707-Windemere-Ave-21218/home/10822246,,,N,Y,39.329928,-76.5913314
PAST SALE,April-9-2020,Condo/Co-op,3601 Greenway #807,Baltimore,MD,21218,130000,2,2.0,Ward 12,1286,,1955,605,101,1138,Sold,,,https://www.redfin.com/MD/Baltimore/3601-Greenway-21218/unit-807/home/10852334,BRIGHT MLS,MDBA503974,N,Y,39.3314539,-76.6151416
PAST SALE,July-8-2019,Single Family Residential,1720 Lakeside Ave,Baltimore,MD,21218,250000,4,3.5,HILLEN,2090,5500,1923,881,120,,Sold,,,https://www.redfin.com/MD/Baltimore/1720-Lakeside-Ave-21218/home/10822284,BRIGHT MLS,1009925686,N,Y,39.3295467,-76.5901125
PAST SALE,,Townhouse,1506 Lakeside Ave,Baltimore,MD,21218,189900,,1.5,,1556,3850,1929,,122,,,,,https://www.redfin.com/MD/Baltimore/1506-Lakeside-Ave-21218/home/10822167,,,N,Y,39.32956,-76.594049
PAST SALE,,Single Family Residential,4010 Roundtop Rd,Baltimore,MD,21218,460000,,3.0,,2820,12763,1931,,163,,,,,https://www.redfin.com/MD/Baltimore/4010-Roundtop-Rd-21218/home/10827646,,,N,Y,39.3390342,-76.5956649
PAST SALE,September-15-2021,Multi-Family (2-4 Unit),3311 Guilford Ave,Baltimore,MD,21218,485000,3,4.0,Ward 12,1974,1848,1915,81,246,,Sold,,,https://www.redfin.com/MD/Baltimore/3311-Guilford-Ave-21218/home/10855045,BRIGHT MLS,MDBA2001822,N,Y,39.329042,-76.6133249
PAST SALE,,Townhouse,2916 Guilford Ave,Baltimore,MD,21218,320000,,3.5,,2733,2464,1912,,117,,,,,https://www.redfin.com/MD/Baltimore/2916-Guilford-Ave-21218/home/10848583,,,N,Y,39.3238917,-76.6135506
PAST SALE,,Townhouse,1113 Gorsuch Ave,Baltimore,MD,21218,144900,,1.0,,1176,1433,1915,,123,,,,,https://www.redfin.com/MD/Baltimore/1113-Gorsuch-Ave-21218/home/10806440,,,N,Y,39.3253595,-76.602244
PAST SALE,April-28-2021,Townhouse,1536 Windemere Ave,Baltimore,MD,21218,105000,3,1.0,Ward 9,1200,,1938,221,88,,Sold,,,https://www.redfin.com/MD/Baltimore/1536-Windemere-Ave-21218/home/10822059,BRIGHT MLS,MDBA539254,N,Y,39.3303381,-76.59256
PAST SALE,,Single Family Residential,209 Kemble Rd,Baltimore,MD,21218,507350,,2.5,,2684,13200,1936,,189,,,,,https://www.redfin.com/MD/Baltimore/209-Kemble-Rd-21218/home/10839074,,,N,Y,39.3371125,-76.6115985
PAST SALE,April-19-2019,Townhouse,1520 Windemere Ave,Baltimore,MD,21218,173000,3,2.0,EDNOR GARDEN  - LAKESIDE,1382,3150,1939,961,125,,Sold,,,https://www.redfin.com/MD/Baltimore/1520-Windemere-Ave-21218/home/10822044,BRIGHT MLS,MDBA306258,N,Y,39.3303131,-76.5933954
PAST SALE,January-15-2021,Single Family Residential,1303 Windemere Ave,Baltimore,MD,21218,242400,3,2.0,Ward 9,2016,4725,1938,324,120,,Sold,,,https://www.redfin.com/MD/Baltimore/1303-Windemere-Ave-21218/home/10821860,BRIGHT MLS,MDBA529736,N,Y,39.3299286,-76.5974705
PAST SALE,November-9-2021,Townhouse,3935 Kimble Rd,Baltimore,MD,21218,250000,3,2.0,Ward 9,1650,,1942,26,152,,Sold,,,https://www.redfin.com/MD/Baltimore/3935-Kimble-Rd-21218/home/10826333,BRIGHT MLS,MDBA2013068,N,Y,39.3362963,-76.600856
PAST SALE,July-31-2019,Townhouse,4005 Elkader Rd,Baltimore,MD,21218,43500,3,2.0,BALTIMORE CITY,899,,1963,858,48,,Sold,,,https://www.redfin.com/MD/Baltimore/4005-Elkader-Rd-21218/home/10804670,BRIGHT MLS,MDBA468692,N,Y,39.3385598,-76.6028319
PAST SALE,April-27-2020,Single Family Residential,713 Gorsuch Ave,Baltimore,MD,21218,35000,3,2.0,BALTIMORE CITY,1764,,1920,587,20,,Sold,,,https://www.redfin.com/MD/Baltimore/713-Gorsuch-Ave-21218/home/10807099,BRIGHT MLS,MDBA485714,N,Y,39.3268428,-76.6060807
PAST SALE,,Townhouse,712 Homestead St,Baltimore,MD,21218,215000,,1.0,,784,2000,1952,,274,,,,,https://www.redfin.com/MD/Baltimore/712-Homestead-St-21218/home/10806998,,,N,Y,39.326543,-76.606214
PAST SALE,January-27-2021,Townhouse,1315 E 35th St,Baltimore,MD,21218,225000,4,2.0,Ward 9,1606,871,1942,312,140,,Sold,,,https://www.redfin.com/MD/Baltimore/1315-E-35th-St-21218/home/10821836,BRIGHT MLS,MDBA534118,N,Y,39.3306767,-76.5968105
PAST SALE,,Townhouse,3828 Monterey Rd,Baltimore,MD,21218,179000,,1.5,,1500,2000,1948,,119,,,,,https://www.redfin.com/MD/Baltimore/3828-Monterey-Rd-21218/home/10828107,,,N,Y,39.335111,-76.5982803
PAST SALE,,Townhouse,2605 Garrett Ave,Baltimore,MD,21218,46190,,,,,1312,1940,,,,,,,https://www.redfin.com/MD/Baltimore/2605-Garrett-Ave-21218/home/10816669,,,N,Y,39.319768,-76.597513
PAST SALE,,Townhouse,511 E 32nd St,Baltimore,MD,21218,52920,,1.0,,450,480,1920,,118,,,,,https://www.redfin.com/MD/Baltimore/511-E-32nd-St-21218/home/10806962,,,N,Y,39.3270766,-76.6087663
PAST SALE,February-28-2020,Townhouse,1321 E 35th St,Baltimore,MD,21218,106500,3,1.5,Ward 9,1386,2000,1942,646,77,,Sold,,,https://www.redfin.com/MD/Baltimore/1321-E-35th-St-21218/home/10821846,BRIGHT MLS,MDBA497970,N,Y,39.3307001,-76.5964278
PAST SALE,July-31-2020,Multi-Family (2-4 Unit),629 Homestead St,Baltimore,MD,21218,68250,7,5.0,Ward 9,3250,5700,1900,492,21,,Sold,,,https://www.redfin.com/MD/Baltimore/629-Homestead-St-21218/home/10806936,BRIGHT MLS,MDBA498946,N,Y,39.3264707,-76.6071681
PAST SALE,September-30-2021,Townhouse,811 Gorsuch Ave,Baltimore,MD,21218,220000,3,3.5,Ward 9,2000,3720,1920,66,110,,Sold,,,https://www.redfin.com/MD/Baltimore/811-Gorsuch-Ave-21218/home/10807072,BRIGHT MLS,MDBA539630,N,Y,39.326307,-76.604913
PAST SALE,,Single Family Residential,616 Homestead St,Baltimore,MD,21218,350000,,7.0,,4416,6000,1920,,79,,,,,https://www.redfin.com/MD/Baltimore/616-Homestead-St-21218/home/10806980,,,N,Y,39.3268681,-76.6072056
PAST SALE,,Townhouse,712 Montpelier St,Baltimore,MD,21218,65000,,1.0,,1024,1472,1960,,63,,,,,https://www.redfin.com/MD/Baltimore/712-Montpelier-St-21218/home/10807125,,,N,Y,39.32588,-76.606521
PAST SALE,May-15-2019,Townhouse,4032 Deepwood Rd,Baltimore,MD,21218,230000,2,1.5,ORIGINAL NORTHWOOD,1870,,1941,935,123,3,Sold,,,https://www.redfin.com/MD/Baltimore/4032-Deepwood-Rd-21218/home/10827974,BRIGHT MLS,MDBA463308,N,Y,39.3388202,-76.5989775
PAST SALE,,Townhouse,719 Homestead St,Baltimore,MD,21218,90000,,1.0,,1024,1472,1960,,88,,,,,https://www.redfin.com/MD/Baltimore/719-Homestead-St-21218/home/10807240,,,N,Y,39.3261961,-76.6064445
PAST SALE,,Townhouse,1131 Homestead St,Baltimore,MD,21218,127000,,1.0,,1320,1662,1920,,96,,,,,https://www.redfin.com/MD/Baltimore/1131-Homestead-St-21218/home/10807549,,,N,Y,39.3246427,-76.6022429
PAST SALE,July-15-2020,Townhouse,3011 Ellerslie Ave,Baltimore,MD,21218,110000,2,1.0,Ward 9,1144,1500,1920,508,96,,Sold,,,https://www.redfin.com/MD/Baltimore/3011-Ellerslie-Ave-21218/home/10807385,BRIGHT MLS,MDBA500068,N,Y,39.3247154,-76.6051127
PAST SALE,,Townhouse,2930 Independence St,Baltimore,MD,21218,63000,,1.0,,1148,1680,1920,,55,,,,,https://www.redfin.com/MD/Baltimore/2930-Independence-St-21218/home/10807310,,,N,Y,39.3238993,-76.6038915
PAST SALE,May-10-2019,Single Family Residential,3017 Independence St,Baltimore,MD,21218,22500,4,2.0,WAVERLY,1232,30492,1920,940,18,,Sold,,,https://www.redfin.com/MD/Baltimore/3017-Independence-St-21218/home/10807454,BRIGHT MLS,MDBA305190,N,Y,39.3241356,-76.6032381
PAST SALE,,Townhouse,3439 Guilford Ter,Baltimore,MD,21218,365000,,2.5,,1839,2150,1918,,198,,,,,https://www.redfin.com/MD/Baltimore/3439-Guilford-Ter-21218/home/10852872,,,N,Y,39.3309238,-76.6122191
PAST SALE,March-20-2020,Townhouse,1313 Gorsuch Ave,Baltimore,MD,21218,137000,5,2.0,WAVERLY,,1500,1925,625,,,Sold,,,https://www.redfin.com/MD/Baltimore/1313-Gorsuch-Ave-21218/home/10815818,BRIGHT MLS,MDBA487008,N,Y,39.3244004,-76.6001262
PAST SALE,,Single Family Residential,1129 Gorsuch Ave,Baltimore,MD,21218,105000,,1.0,,1394,2500,1915,,75,,,,,https://www.redfin.com/MD/Baltimore/1129-Gorsuch-Ave-21218/home/10806415,,,N,Y,39.3250806,-76.6016465
PAST SALE,July-21-2021,Townhouse,1115 Gorsuch Ave,Baltimore,MD,21218,85000,2,1.0,Ward 9,1176,1176,1915,137,72,,Sold,,,https://www.redfin.com/MD/Baltimore/1115-Gorsuch-Ave-21218/home/10806435,BRIGHT MLS,MDBA551824,N,Y,39.325293,-76.602205
PAST SALE,July-10-2020,Townhouse,1358 Homestead St,Baltimore,MD,21218,33000,3,1.0,Ward 9,1000,1388,1925,513,33,,Sold,,,https://www.redfin.com/MD/Baltimore/1358-Homestead-St-21218/home/10815753,BRIGHT MLS,MDBA505132,N,Y,39.3235804,-76.5994542
PAST SALE,,Townhouse,1363 Gorsuch Ave,Baltimore,MD,21218,65000,,,,,1710,1925,,,,,,,https://www.redfin.com/MD/Baltimore/1363-Gorsuch-Ave-21218/home/10815760,,,N,Y,39.3237007,-76.5990728
PAST SALE,,Townhouse,1345 Gorsuch Ave,Baltimore,MD,21218,100000,,,,,1350,1940,,,,,,,https://www.redfin.com/MD/Baltimore/1345-Gorsuch-Ave-21218/home/10815779,,,N,Y,39.3239947,-76.5994228
PAST SALE,,Townhouse,2617 Cecil Ave,Baltimore,MD,21218,47500,,,,,1658,1940,,,,,,,https://www.redfin.com/MD/Baltimore/2617-Cecil-Ave-21218/home/10816833,,,N,Y,39.3204323,-76.5981058
PAST SALE,November-4-2019,Townhouse,2610 Kirk Ave,Baltimore,MD,21218,63000,4,2.0,COLDSTREAM HOMESTEAD MONTEBELLO,,,1930,762,,,Sold,,,https://www.redfin.com/MD/Baltimore/2610-Kirk-Ave-21218/home/10813981,BRIGHT MLS,MDBA481406,N,Y,39.3211178,-76.599435
PAST SALE,,Townhouse,2513 Aisquith St,Baltimore,MD,21218,58400,,,,,1200,1940,,,,,,,https://www.redfin.com/MD/Baltimore/2513-Aisquith-St-21218/home/10816284,,,N,Y,39.3181067,-76.5972561
PAST SALE,August-18-2020,Condo/Co-op,3601 Greenway #501,Baltimore,MD,21218,118000,2,2.0,Ward 12,1474,,1955,474,80,995,Sold,,,https://www.redfin.com/MD/Baltimore/3601-Greenway-21218/unit-501/home/10852221,BRIGHT MLS,MDBA498528,N,Y,39.3314539,-76.6151416
PAST SALE,July-16-2020,Townhouse,2623 Aisquith St,Baltimore,MD,21218,28500,3,1.0,Ward 9,,1125,1940,507,,,Sold,,,https://www.redfin.com/MD/Baltimore/2623-Aisquith-St-21218/home/10816351,BRIGHT MLS,MDBA510108,N,Y,39.3191149,-76.596165
PAST SALE,,Townhouse,2522 Harford Rd,Baltimore,MD,21218,75000,,,,,2033,1940,,,,,,,https://www.redfin.com/MD/Baltimore/2522-Harford-Rd-21218/home/10816524,,,N,Y,39.3185975,-76.5936877
PAST SALE,June-29-2020,Townhouse,2632 Aisquith St,Baltimore,MD,21218,35500,3,1.0,Ward 9,,1125,1940,524,,,Sold,,,https://www.redfin.com/MD/Baltimore/2632-Aisquith-St-21218/home/10816651,BRIGHT MLS,MDBA507246,N,Y,39.3196588,-76.5961838
PAST SALE,March-6-2020,Townhouse,1629 Montpelier St,Baltimore,MD,21218,43000,3,1.0,Ward 9,,,1940,639,,,Sold,,,https://www.redfin.com/MD/Baltimore/1629-Montpelier-St-21218/home/10816584,BRIGHT MLS,MDBA493856,N,Y,39.320094,-76.596084
PAST SALE,August-15-2019,Townhouse,1613 Montpelier St,Baltimore,MD,21218,26000,3,1.0,COLDSTREAM HOMESTEAD MONTEBELLO,,1190,1940,843,,,Sold,,,https://www.redfin.com/MD/Baltimore/1613-Montpelier-St-21218/home/10816732,BRIGHT MLS,MDBA467728,N,Y,39.320408,-76.596576
PAST SALE,December-14-2018,Townhouse,3722 Delverne Rd,Baltimore,MD,21218,129875,3,2.0,EDNOR GARDENS,1408,3705,1941,1087,92,,Sold,,,https://www.redfin.com/MD/Baltimore/3722-Delverne-Rd-21218/home/10825407,BRIGHT MLS,1000470794,N,Y,39.3338799,-76.5985624
PAST SALE,August-1-2019,Townhouse,910 Chestnut Hill Ave,Baltimore,MD,21218,180000,3,2.0,EDNOR  GARDENS,1280,1000,1939,857,141,,Sold,,,https://www.redfin.com/MD/Baltimore/910-Chestnut-Hill-Ave-21218/home/10825613,BRIGHT MLS,MDBA470018,N,Y,39.3341754,-76.6038137
